htid,title,author,year,source
mdp.39015000520174,That Hideous Strength,C. S. Lewis,1945,laure
uc1.$b102397,Peabody's Mermaid,Guy Pearce Jones & Constance Bridges Jones,1945,laure
coo.31924014517670,Animal Farm: A Fairy Story,George Orwell,1945,laure
dul1.ark:/13960/t2k69nz10,Animal Farm,George Orwell,1945,laure
uc1.31210018344877,Danger Planet,Brett Sterling,1945,laure
uc1.32106002021571,All Hallows' Eve,Charles Williams,1945,laure
mdp.39015038916485,The Great Divorce,C. S. Lewis,1945,laure
osu.32435018481507,The Metal Monster,A. Merritt,1945,laure
mdp.39015060574517,When the Birds Fly South,Stanton A. Coblentz,1945,laure
uva.x000987209,Witch House,Evangeline Walton,1945,laure
uc1.$b85998,Mr. Allenby Loses the Way,Frank Baker,1945,laure
mdp.39015024085048,The Angry Planet: An Authentic First-Hand Account of a Journey to Mars in the Space-Ship Albatross,John Keir Cross,1945,laure
mdp.39015005468767,Stuart Little,E. B. White,1945,laure
mdp.39015003451690,The White Deer,James Thurber,1945,laure
pur1.32754064981453,In What Strange Land ...?,Pierre V√©ry,1945,laure
inu.32000009141641,"The Indiscretions of an Infant; or, The Baby's Revenge",Donald Cowie,1945,laure
umn.319510019582933,The Call of the Phoenix,Dorothy Thomas,1945,laure
uc1.b3688338,Millennium 1,W. A. Dwiggins,1945,laure
uc1.$b787445,The Next Horizon,Douglas Reed,1945,laure
mdp.39015010419169,The Bears' Famous Invasion of Sicily,Dino Buzzati,1945,laure
mdp.39015055105798,The Experience of the Night,Marcel B√©alu,1945,laure
cub.p105383014014,Strange Daughter,Louis de Wohl,1945,laure
mdp.39015063939071,Death in the Mind,Richard Lockridge & G. H. Estabrooks,1945,laure
mdp.39015005685832,The Path of the Great,Stephen Gargilis,1945,laure
umn.31951002374909w,The Temple of Amon Ra,Mary Gray,1945,laure
osu.32435013510391,The Woman in the House,Robert Hichens,1945,laure
uc1.$b249474,Mr. Wilmer,Robert Lawson,1945,laure
uc1.$b790364,Mount Kestrel,An Pilib√≠n,1945,laure
inu.39000002943509,Death Into Life,Olaf Stapledon,1946,laure
mdp.39015062110666,Titus Groan,Mervyn Peake,1946,laure
mdp.39015008740634,Slan,A. E. van Vogt,1946,laure
mdp.39015066651012,The Skylark of Space,E. E. 'Doc' Smith,1946,laure
uva.x000280174,The Skylark of Space,Edward E. Smith & Lee Hawkins Garby,1946,laure
mdp.39015056438271,The Shadow Girl,Ray Cummings,1946,laure
mdp.39015065929328,The Time Stream,John Taine,1946,laure
mdp.39015030857844,Mistress Masham's Repose,T. H. White,1946,laure
mdp.39015019180713,The Little White Horse,Elizabeth Goudge,1946,laure
uc1.$b56989,The Unforeseen,Dorothy Macardle,1946,laure
uc1.$b783910,Fantastic Summer,Dorothy Macardle,1946,laure
nyp.33433079523662,Deliver Me from Eva,Paul Bailey,1946,laure
uc1.$b85997,Before I Go Hence: Fantasia on a Novel,Frank Baker,1946,laure
uc1.$b85999,Embers: A Winter Tale,Frank Baker,1946,laure
wu.89014640072,The Return of the Time Machine,Egon Friedell,1946,laure
uc1.b3687703,Mr. Adam,Pat Frank,1946,laure
cub.p101181612005,People of the Twilight,H. Kaner,1946,laure
uc1.31210014845810,The Sun Queen,H. Kaner,1946,laure
mdp.39015019369829,The Unfortunate Fursey,Mervyn Wall,1946,laure
mdp.39015030728672,There Were Two Pirates,James Branch Cabell,1946,laure
uiug.30112055289661,The Doll,L. A. G. Strong,1946,laure
uc1.32106001758116,All Men Are Mortal,Simone de Beauvoir,1946,laure
pst.000033325187,Comet in Moominland,Tove Jansson,1946,laure
coo.31924022486355,Sea Change,Barbara Hunt,1946,laure
uc1.$b111817,Sarah Mandrake,Maggie-Owen Wadelton,1946,laure
mdp.39015033397988,Star of the Unborn,Franz Werfel,1946,laure
uiug.30112003175947,Brotherhood of Mt. Shasta,Eugene E. Thomas,1946,laure
pst.000022016430,Pippi Goes on Board,Astrid Lindgren,1946,laure
pst.000026636450,Miss Hickory,Carolyn Sherwin Bailey,1946,laure
pst.000005490424,I Found Cleopatra,Thomas P. Kelley,1946,laure
uc1.$b299829,Sweet River in the Morning,Winston Clewes,1946,laure
uva.x000876210,Eve's Second Apple,Barnaby Dogbolt,1946,laure
mdp.39015031233847,Intimations of Eve,Vardis Fisher,1946,laure
nnc1.cu53267893,Across the Borderline,Charles V. P. Young,1946,laure
mdp.39015031237988,What Farrar Saw,James Hanley,1946,laure
hvd.hnp8f5,The Devil in Woodford Wells: A Fantastic Novel,Harold Hobson,1946,laure
mdp.39015047643500,The Miracle of the Bells,Russell Janney,1946,laure
uc1.$b103919,Four Great Oaks,Mildred McNaughton,1946,laure
cub.p101151914013,Bridge Over Dark Gods: An Occult Novel,Furze Morrish,1946,laure
uc1.$b302078,Visit of the Princess: A Romance of the Nineteen-Sixties,R. H. Mottram,1946,laure
uva.x030787201,Pushing Buttons,H. H. Siegele,1946,laure
mdp.39015030858008,The Pale Blonde of Sands Street,William Chapman White,1946,laure
mdp.39015016437082,The Saint and the Hunchback,Donald A. Stauffer,1946,laure
mdp.39015025370522,The Bear That Wasn't,Frank Tashlin,1946,laure
mdp.39015011323402,The Beast of the Haitian Hills,Phillippe Thoby-Marcelin & Pierre Marcelin,1946,laure
uva.x030582635,Balm of Gilead,Agnes Rothery,1946,laure
uc1.32106013492290,Blades from the Willows,Huanzhulouzhu,1946,laure
uc1.31822043028596,War in the Atomic Age?,"Captain Walter Karig, U.S.N.R.",1946,laure
uc1.31822012687836,"Tarzan and ""The Foreign Legion""",Edgar Rice Burroughs,1947,laure
mdp.39015017656870,The Weapon Makers,A. E. van Vogt,1947,laure
mdp.39015019934069,The Legion of Space,Jack Williamson,1947,laure
uc1.b4451894,Greener Than You Think,Ward Moore,1947,laure
mdp.39015005690295,Rocket Ship Galileo,Robert A. Heinlein,1947,laure
uc1.b5015150,Consider Her Ways,Frederick Philip Grove,1947,laure
uva.x000280141,Spacehounds of IPC,"Edward E. Smith, Ph.D.",1947,laure
inu.32000009193519,The House of Sleep,Anna Kavan,1947,laure
mdp.39015030857877,The Elephant and the Kangaroo,T. H. White,1947,laure
mdp.39015015387551,The Book of Ptath,A. E. van Vogt,1947,laure
uiug.30112052937601,The Bull Calves,Naomi Mitchison,1947,laure
uc1.$b87183,"The Rape of Man, or the Zoo Let Loose",Donald Cowie,1947,laure
mdp.39015009287429,Miracle on 34th Street,Valentine Davies,1947,laure
uc1.l0081066383,Edison's Conquest of Mars,Garrett P. Serviss,1947,laure
inu.30000001393556,The Next in Line,Ray Bradbury,1947,laure
uva.x000335077,The Mightiest Machine,"John W. Campbell, Jr.",1947,laure
cub.p104192907006,The Forbidden Garden,John Taine,1947,laure
mdp.39015030709797,The Spirit of Jem,P. H. Newby,1947,laure
mdp.39015011000760,Zotz!,Walter Karig,1947,laure
uc1.$b106043,Adrift in a Boneyard,Robert Lewis Taylor,1947,laure
uva.x006131840,The Chips are Down = Les Jeux Sont Faits,Jean-Paul Sartre,1947,laure
mdp.39015030744836,Doppelgangers,H. F. Heard,1947,laure
cub.p101161704013,Liners of Time,John Russell Fearn,1947,laure
uc1.$b312576,The Flames: A Fantasy,Olaf Stapledon,1947,laure
mdp.39015031233441,Tomorrow and Tomorrow,M. Barnard Eldershaw,1947,laure
uiug.30112056503789,The Master of the Macabre,Russell Thorndike,1947,laure
mdp.39015063920840,Mr. Bremble's Buttons,Dorothy Langley,1947,laure
uc1.$b56896,A Garden to the Eastward,Harold Lamb,1947,laure
mdp.39015042099260,Mrs. Candy and Saturday Night,Robert Tallant,1947,laure
mdp.39015059418064,Two Came to Town,Simeon Strunsky,1947,laure
mdp.39015005137263,The Prevalence of Witches,Aubrey Menen,1947,laure
cub.p101100501015,Bonfires and Broomsticks,Mary Norton,1947,laure
mdp.39015002712175,Jenny Villiers: A Story of the Theater,J. B. Priestley,1947,laure
uc1.b3687670,The Dark Fantastic,Margaret Echard,1947,laure
osu.32435017253824,Mister St. John,Raoul C. Faure,1947,laure
uva.x001056933,An Airplane in the Arabian Nights,Arthur Lee Gould,1947,laure
mdp.39015030356201,If I Were You,Julian Green,1947,laure
uc1.b4027857,World Aflame: The Russian-American War of 1950,Leonard Engel & Emanuel S. Piller,1947,laure
mdp.39015005873982,Froth on the Daydream,Boris Vian,1947,laure
wu.89058799891,Earth Eagles,Marguerite Bayliss,1947,laure
uva.x001495881,The Goose's Tale,Barnaby Dogbolt,1947,laure
uc1.b4098826,Mr. Twigg's Mistake,Robert Lawson,1947,laure
mdp.39015008098132,The Plague,Albert Camus,1947,laure
wu.89099774937,Ibe of Atlan,Ira A. Cole,1947,laure
mdp.39015015148771,Adam and the Serpent,Vardis Fisher,1947,laure
mdp.39015031237046,A Fragment of Glass,F. L. Green,1947,laure
mdp.39015012115484,The Dolls' House,Rumer Godden,1947,laure
mdp.39015030709896,Mr Whittle and the Morning Star,Robert Nathan,1947,laure
osu.32435010479699,Mr. Thurtle's Trolley,Theodore Pratt,1947,laure
uc1.32106010162177,An Offering for the Dead,Hans Erich Nossack,1947,laure
uc1.$b104832,The Private Life of Henry Perkins,John Murray Reynolds,1947,laure
uc1.$b105433,The Memoirs of a Ghost,G. W. Stonier,1947,laure
uc1.$b311803,"The Seven Miracles of Gubbio, and the Eighth: A Parable",Raymond L√©opold Bruckberger,1947,laure
mdp.39076002651987,Freddy the Magician,Walter R. Brooks,1947,laure
umn.319510020754232,Mr. Arrow,Austin Russell,1947,laure
uc1.$b299776,Moon Over the Back Fence,Esther Carlson,1947,laure
uc1.$b104212,"Not Now, But Now",M. F. K. Fisher,1947,laure
mdp.39015001771503,The World of Null-A,A. E. van Vogt,1948,laure
mdp.39015063963154,The World of ƒÄ,A. E. van Vogt,1948,laure
mdp.39015050618357,Skylark Three,E. E. 'Doc' Smith,1948,laure
mdp.39015019045841,Triplanetary,E. E. 'Doc' Smith,1948,laure
uc1.b3184273,Triplanetary,"Edward E. Smith, Ph.D.",1948,laure
uva.x001817830,Final Blackout,L. Ron Hubbard,1948,laure
mdp.39015014436094,Darker Than You Think,Jack Williamson,1948,laure
inu.30000079189431,Beyond This Horizon,Robert A. Heinlein,1948,laure
uva.x000465810,Some Time Never: A Fable for Supermen,Roald Dahl,1948,laure
cub.p103032003010,The Golden Amazon Returns,John Russell Fearn,1948,laure
cub.p103022812016,The Sunken World,Stanton A. Coblentz,1948,laure
uga1.32108011178640,Shadow of Fu Manchu,Sax Rohmer,1948,laure
mdp.39015001362998,The Well of the Unicorn,George U. Fletcher,1948,laure
mdp.39015054194231,Ape and Essence,Aldous Huxley,1948,laure
mdp.39015062083947,Space Cadet,Robert A. Heinlein,1948,laure
pst.000021974618,My Father's Dragon,Ruth Stiles Gannett,1948,laure
uc1.31822010896173,The Herb of Grace,Elizabeth Goudge,1948,laure
mdp.39015003942086,Pilgrim's Inn,Elizabeth Goudge,1948,laure
mdp.39015004716315,Walden Two,B. F. Skinner,1948,laure
mdp.39015000543895,Letters from a Lost Uncle,Mervyn Peake,1948,laure
uc1.$b87045,The Roaring Dove,Susan Kerby,1948,laure
uc1.b3710890,Message from a Stranger,Marya Mannes,1948,laure
uc1.$b106425,And Then You Came,Ann Bridge,1948,laure
uc1.c106423343,The Mabinogion,Gwyn Jones & Thomas Jones,1948,laure
mdp.39015013296119,Finn Family Moomintroll,Tove Jansson,1948,laure
inu.32000009095375,"Tory Heaven; or, Thunder on the Right",Marghanita Laski,1948,laure
mdp.39015019390270,Doctor Dolittle and the Secret Lake,Hugh Lofting,1948,laure
mdp.39015009281133,Pippi in the South Seas,Astrid Lindgren,1948,laure
uc1.b4097810,The Room Beyond,Robert Spencer Carr,1948,laure
cub.p101151507016,The Purple Twilight,Pelham Groom,1948,laure
umn.31951001632683h,There Was a Little Man,Guy Pearce Jones & Constance Bridges Jones,1948,laure
uc1.$b189553,By Invitation Only,F√©licien Marceau,1948,laure
mdp.39015014190378,Concluding,Henry Green,1948,laure
mdp.39015028918608,Saint Glinglin,Raymond Queneau,1948,laure
uc1.$b87371,The Mask of Wisdom,Howard Clewes,1948,laure
cub.p101141902009,The Black Mirror,Winifred Duke,1948,laure
uc1.$b300231,Clovis,Michael Fessier,1948,laure
mdp.39015031233813,The Divine Passion,Vardis Fisher,1948,laure
wu.89099801847,The Invaders,Waldo Frank,1948,laure
osu.32435013683255,Dan Owen and the Angel Joe,Ronald Mitchell,1948,laure
uc1.b3121678,The Honor of Gaston Le Torch,Jacques Perret,1948,laure
wu.89099249492,A Warning from Mars,Edward Whiteside,1948,laure
wu.89098986482,Devil Take a Whittler,Weldon Stone,1948,laure
ppt.ssfcbz201808000252,A treasury of science fiction / edited by Groff Conklin,,1948,temple
uva.x000174628,What Mad Universe,Fredric Brown,1949,laure
mdp.39015066706428,Skylark of Valeron,E. E. 'Doc' Smith,1949,laure
mdp.39015015764106,Red Planet: A Colonial Boy on Mars,Robert A. Heinlein,1949,laure
uc1.32106009743425,Red Planet,Robert A. Heinlein,1949,laure
mdp.39015005356285,The Humanoids,Jack Williamson,1949,laure
mdp.39015009199327,Earth Abides,George R. Stewart,1949,laure
pst.000050237920,Farmer Giles of Ham,J. R. R. Tolkien,1949,laure
pst.000058048559,The Day After Tomorrow,Robert A. Heinlein,1949,laure
mdp.39015002306325,Nineteen Eighty-Four,George Orwell,1949,laure
uva.x006063309,1984,George Orwell,1949,laure
mdp.39076002001316,"Orwell's Nineteen Eighty-Four: Text, Sources, Criticism",George Orwell,1949,laure
uc1.$b86294,"Peace, My Daughters",Shirley Barker,1949,laure
uc1.$b236295,Here Today,John Coates,1949,laure
mdp.39015041365639,It Happens Every Spring,Valentine Davies,1949,laure
uva.x000380434,The Last Space Ship,Murray Leinster,1949,laure
nyp.33333080944677,Make-Believe,Elizabeth Goudge,1949,laure
uc1.b3295194,Opus 21,Philip Wylie,1949,laure
osu.32435053573424,The Big Eye,Max Ehrlich,1949,laure
mdp.39015030752052,A Spell for Old Bones,Eric Linklater,1949,laure
coo.31924022495430,The Eternal Conflict,"David H. Keller, M.D.",1949,laure
mdp.39015030728748,The Devil's Own Dear Son,James Branch Cabell,1949,laure
cub.p101171507001,The Winter Swan,Christopher Youd,1949,laure
umn.31951002017323w,The Dowry,Maggy Gould,1949,laure
umn.31951001997280t,Venus: The Lonely Goddess,John Erskine,1949,laure
uc1.$b56991,The Evening Wolves,Marie McCall,1949,laure
mdp.39015030719135,The Vintage,Anthony West,1949,laure
umn.31951002040911w,On a Dark Night,Anthony West,1949,laure
uc1.$b300142,The Liberation of Manhattan,Mark J. Appleman & Edmund DeMaitre,1949,laure
pst.000043598847,Bartholomew and the Oobleck,Dr. Seuss,1949,laure
uga1.32108004222470,Dwellers in the Temple of Mondama,Chris Herwer,1949,laure
uc1.b3144894,The Promise,Mildred Cram,1949,laure
uva.x002187050,The Black Cauldron,William Heinesen,1949,laure
mdp.39015030707759,The River Journey,Robert Nathan,1949,laure
uc1.$b244234,The Iron Hoop,Constantine FitzGibbon,1949,laure
uiug.30112045845085,Son of the Morning,Gilbert Frankau,1949,laure
uc1.31822010729341,The Laird and the Lady,Joan Grant,1949,laure
mdp.39015065132402,A Nail Merchant at Nightfall,Mika Waltari,1949,laure
uva.x030765462,Tea At Crumbo Castle,Magdalen King-Hall,1949,laure
mdp.39076001711857,The Fabulous Flight,Robert Lawson,1949,laure
uc1.$b243504,The Merry Miracle,Mary Mian,1949,laure
uc1.b4402185,Buddha's Return,Gaito Gazdanov,1949,laure
umn.31951002057391r,Proud Angela,Virginia Peckham,1949,laure
mdp.39076005047316,Gormenghast,Mervyn Peake,1950,laure
mdp.39015019230310,First Lensman,E. E. 'Doc' Smith,1950,laure
pst.000044255312,First Lensman,"Edward E. Smith, Ph.D.",1950,laure
mdp.39015019230302,Galactic Patrol,E. E. 'Doc' Smith,1950,laure
mdp.39015049634820,Pebble in the Sky,Isaac Asimov,1950,laure
mdp.39015014689684,Needle,Hal Clement,1950,laure
mdp.39015002385105,"The Lion, the Witch and the Wardrobe",C. S. Lewis,1950,laure
mdp.39015000634991,"Gather, Darkness!",Fritz Leiber,1950,laure
mdp.39015031772513,Destination: Infinity,Henry Kuttner,1950,laure
pst.000018715736,Fury,Henry Kuttner,1950,laure
mdp.39015027254021,Farmer in the Sky,Robert A. Heinlein,1950,laure
mdp.39015021538254,The Dreaming Jewels,Theodore Sturgeon,1950,laure
osu.32435057544991,The Synthetic Man,Theodore Sturgeon,1950,laure
nnc1.cu16181638,The Castle of Iron,L. Sprague de Camp & Fletcher Pratt,1950,laure
osu.32435059497545,Seetee Shock,Jack Williamson,1950,laure
cub.p101271903013,Seetee Shock,Will Stewart,1950,laure
osu.32435060537693,Into Plutonian Depths,Stanton A. Coblentz,1950,laure
mdp.39015008862560,The Voyage of the Space Beagle,A. E. van Vogt,1950,laure
mdp.39015020731991,Cosmic Engineers,Clifford D. Simak,1950,laure
osu.32435059312066,The House That Stood Still,A. E. van Vogt,1950,laure
uc1.b3818660,Brimstone in the Garden,Elizabeth Cadell,1950,laure
mdp.39015004754530,The Black Fox,Gerald Heard,1950,laure
pst.000025147759,Elmer and the Dragon,Ruth Stiles Gannett,1950,laure
mdp.39015004036052,The 13 Clocks,James Thurber,1950,laure
mdp.39015016415534,The Beautiful Bequest,Eric Hatch,1950,laure
mdp.39015066688105,"After 12,000 Years",Stanton A. Coblentz,1950,laure
mdp.39015010228222,Peter Graves,William P√®ne du Bois,1950,laure
coo.31924022495448,The Lady Decides,"David H. Keller, M.D.",1950,laure
uc1.$b243190,Night Journey,Albert J. Guerard,1950,laure
uc1.$b244266,The Strange Journeys of Colonel Polders,Lord Dunsany,1950,laure
wu.89099249120,On the Trail of 1960: A Utopian Novel,Ray H. Wiley,1950,laure
mdp.39015033480230,It Happened Like This,Philip Reynolds (1916-),1950,laure
uc1.$b63365,When and If,Philip Reynolds (1916-),1950,laure
uga1.32108011174995,Bandersnatch,T. E. Ryves,1950,laure
cub.p101082209012,The Astrologer: A Satirical Novel,Edward Hyams,1950,laure
uc1.b3868725,The Bump on Brannigan's Head,Myles Connolly,1950,laure
uc1.b3751224,A Dog's Head,Jean Dutourd,1950,laure
hvd.hn5msh,The Dark Portal,John Furnell,1950,laure
uc1.32106010566245,All and Everything: Beelzebub's Tales to His Grandson,G. Gurdjieff,1950,laure
mdp.39015008881792,The Married Look,Robert Nathan,1950,laure
hvd.hwpt86,Shadow of Madness,Hugh Pentecost,1950,laure
ppt.ssfcbz201808000112,Donovan's brain / by Curt Siodmak.,"Siodmak, Curt, 1902-2000",1950,temple
mdp.39015017656862,The Weapon Shops of Isher,A. E. van Vogt,1951,laure
mdp.39015002288721,"The Stars, Like Dust",Isaac Asimov,1951,laure
mdp.39015019147258,Gray Lensman,E. E. 'Doc' Smith,1951,laure
uc1.31822025915893,Gray Lensman,"Edward E. Smith, Ph.D.",1951,laure
mdp.39015014366226,The Puppet Masters,Robert A. Heinlein,1951,laure
mdp.39015038910710,Prince Caspian,C. S. Lewis,1951,laure
uc1.31822012409462,The House of Many Worlds,"Sam Merwin, Jr.",1951,laure
mdp.39015041879738,Rogue Queen,L. Sprague de Camp,1951,laure
mdp.39015005003440,The Disappearance,Philip Wylie,1951,laure
uc1.32106002114301,Between Planets,Robert A. Heinlein,1951,laure
uc1.$b119906,The Great Idea,Henry Hazlitt,1951,laure
pst.000012561865,Time Will Run Back,Henry Hazlitt,1951,laure
uva.x000180645,Wine of the Dreamers,John D. MacDonald,1951,laure
mdp.39015007028650,Prelude to Space,Arthur C. Clarke,1951,laure
uva.x000890325,The City in the Sea,Wilson Tucker,1951,laure
mdp.39015027552135,Huon of the Horn,Andre Norton,1951,laure
nyp.33433039631514,Kinsmen of the Dragon,Stanley Mullen,1951,laure
nyp.33433039636943,Renaissance,Raymond F. Jones,1951,laure
mdp.39015015310124,The Devil in Velvet,John Dickson Carr,1951,laure
pst.000059688501,Foundation,Isaac Asimov,1951,laure
osu.32435053311148,City at World's End,Edmond Hamilton,1951,laure
inu.32000000648032,Hangsaman,Shirley Jackson,1951,laure
uc1.$b85959,The Fabulous Wink,Kem Bennett,1951,laure
uc1.$b322762,The Innocence of Pastor M√ºller,Carlo Beuf,1951,laure
mdp.39015030104650,The Age of Longing,Arthur Koestler,1951,laure
mdp.39015004042472,Miss Pickerell Goes to Mars,Ellen MacGregor,1951,laure
pst.000010058275,The Tritonian Ring,L. Sprague de Camp,1951,laure
mdp.39076002560766,The Valley of Song,Elizabeth Goudge,1951,laure
uc1.b3407016,Fire-Hunter,Jim Kjelgaard,1951,laure
mdp.39015079331230,The Dragons of Blueland,Ruth Stiles Gannett,1951,laure
cub.p101151608004,Murder in Millennium VI,Curme Gray,1951,laure
mdp.39015002701798,Sands of Mars,Arthur C. Clarke,1951,laure
uc1.32106001974267,The Sands of Mars,Arthur C. Clarke,1951,laure
mdp.39015003345777,Loneliest Girl in the World,Kenneth Fearing,1951,laure
uc1.$b569510,The Lost Years,Oscar Lewis,1951,laure
mdp.39015014858750,Another Kind,Anthony West,1951,laure
nyp.33433044846743,The Spirit Was Willing,Milton Luban,1951,laure
uva.x002178768,Tomorrow Sometimes Comes,F. G. Rayer,1951,laure
mdp.39015024637640,The Mousewife,Rumer Godden,1951,laure
mdp.39015018046915,The Last Revolution,Lord Dunsany,1951,laure
uc1.32106019113411,Porius,John Cowper Powys,1951,laure
mdp.39015012407493,The Innocent Eve,Robert Nathan,1951,laure
osu.32435007960081,The Man Who Knew the Date,Sophie Kerr,1951,laure
uc1.32106002143268,Tracy's Tiger,William Saroyan,1951,laure
mdp.39015000662042,The Dividing of Time,Elizabeth Sewell,1951,laure
wu.89097410054,Our Coming World,A. C. Michaud,1951,laure
mdp.39015050690083,The Adventures of the Ingenious Alfanhu√≠,Rafael S√°nchez Ferlosio,1951,laure
mdp.39015011264416,Mr. Pudgins,Ruth Christoffer Carlsen,1951,laure
uc1.$b299833,The Enchanted: An Incredible Tale,Elizabeth Coatsworth,1951,laure
uiug.30112002534235,The Blonde Corinthian,Herbert T. Cobey,1951,laure
coo.31924013612399,The Sixth Column: A Singular Tale of Our Times,Peter Fleming,1951,laure
mdp.39015016434659,The Magician,F. L. Green,1951,laure
osu.32435063112650,A Trumpet in Zion,Carrie E. Gruhn,1951,laure
osu.32435068300821,Yankee Viking: A Saga of Love and Reincarnation,Livingston Hartley,1951,laure
mdp.39015014137478,The Man Who Sold Christmas,Rosalie Lieberman,1951,laure
inu.32000007350582,The Holy Sinner,Thomas Mann,1951,laure
uc1.$b106188,The Cistern and the Fountain,Jean Matheson,1951,laure
mdp.39015059413172,The Utmost Island,Henry Myers,1951,laure
uc1.b4437875,The Mutinous Wind: A Sorcerer's Tale,Elizabeth Reynard,1951,laure
uiug.30112001323010,The Demon's Mirror,James S. Wallerstein,1951,laure
uc1.$b103212,998,Edward Hyams,1951,laure
mdp.39015014863115,Shadows Move Among Them,Edgar Mittelh√∂lzer,1951,laure
uc1.b4098783,The Story of Serapina,Anne H. White,1951,laure
uva.x000375755,Earthbound,Milton Lesser,1952,laure
mdp.39015002672551,The Voyage of the Dawn Treader,C. S. Lewis,1952,laure
pst.000012745111,Big Planet,Jack Vance,1952,laure
pst.000024653916,The Rolling Stones,Robert A. Heinlein,1952,laure
uiug.30112002628110,Limbo,Bernard Wolfe,1952,laure
mdp.39015001525966,"Star Man's Son, 2250 A.D.",Andre Norton,1952,laure
osu.32435059969030,The Legion of Time,Jack Williamson,1952,laure
uva.x000381497,The Starmen,Leigh Brackett,1952,laure
uc1.$b451268,The Haploids,Jerry Sohl,1952,laure
mdp.39015012435783,Vault of the Ages,Poul Anderson,1952,laure
inu.32000007715644,Player Piano,"Kurt Vonnegut, Jr.",1952,laure
ppt.ssfcbz201710000431,Utopia 14,"Kurt Vonnegut, Jr.",1952,laure
osu.32435060852589,The Long Loud Silence,Wilson Tucker,1952,laure
uc1.32106012317027,This Island Earth,Raymond F. Jones,1952,laure
mdp.39015005165686,Islands in the Sky,Arthur C. Clarke,1952,laure
mdp.39015038917210,The Space Ship Under the Apple Tree,Louis Slobodkin,1952,laure
uc1.b3346979,Double Jeopardy,Fletcher Pratt,1952,laure
mdp.39076006776020,The Borrowers,Mary Norton,1952,laure
mdp.39015000207590,Foundation and Empire,Isaac Asimov,1952,laure
umn.319510020970121,"My Journeys with Astargo: A Tale of Past, Present and Future",Perl T. Barnhouse,1952,laure
pst.000030490055,The Devil's Advocate,Taylor Caldwell,1952,laure
cub.p101151607016,Prisoner in the Skull,Charles Dye,1952,laure
uc1.31822011761178,The Nude in the Mirror,George Sylvester Viereck,1952,laure
uc1.b4095332,Gabriel and the Creatures,Gerald Heard,1952,laure
uga1.32108001551418,The Sound of His Horn,Sarban,1952,laure
mdp.39015008864657,Mission to the Stars,A. E. van Vogt,1952,laure
mdp.39015046384775,Mary Poppins in the Park,P. L. Travers,1952,laure
uva.x000165984,Son of the Stars,Raymond F. Jones,1952,laure
osu.32435052966413,Stairway to Danger,John Blaine,1952,laure
nyp.33433039655638,Marooned on Mars,Lester del Rey,1952,laure
mdp.39015066071617,Space Cat,Ruthven Todd,1952,laure
osu.32435060852241,Drome,John Martin Leahy,1952,laure
mdp.39015013787125,You Shall Know Them,Vercors,1952,laure
uc1.$b104146,Every Crazy Wind,John Wallace Pritchard,1952,laure
uva.x002031386,Star of Ill-Omen,Dennis Wheatley,1952,laure
uc1.$b244312,Brave Conquerors,Samuel Youd,1952,laure
uc1.$b301092,The Rift in the Lute,Noel Langley,1952,laure
uc1.$b105999,The Other One,Catherine Turney,1952,laure
mdp.39015048900990,The Rival Monster,Compton MacKenzie,1952,laure
wu.89054417753,Mount Analogue,Ren√© Daumal,1952,laure
uva.x000285562,Dangerous Waters,Islwyn Williams,1952,laure
pst.000045139833,The Chocolate Touch,Patrick Skene Catling,1952,laure
mdp.39015038593573,The Killer Inside Me,Jim Thompson,1952,laure
inu.39000004515966,The Palm-Wine Drinkard and His Dead Palm-Wine Tapster in the Deads' Town,Amos Tutuola,1952,laure
nyp.33433039711977,"We, the Few",John L. Hawkinson,1952,laure
mdp.39015014859618,The Dark Island,Henry Treece,1952,laure
osu.32435068251826,Pattern of a Man,Seymour Gottlieb,1952,laure
uc1.b4449602,The Sun Rises,Robert D. Stelle,1952,laure
mdp.39015013278174,The Pencil of God,Phillippe Thoby-Marcelin & Pierre Marcelin,1952,laure
uc1.$b75050,Flight to Africa,Johanna Moosdorf,1952,laure
uva.x004550150,Don Camillo and the Prodigal Son,Giovanni Guareschi,1952,laure
uc1.$b244264,His Fellow Men,Lord Dunsany,1952,laure
uva.x002077812,The Star Seekers,Milton Lesser,1953,laure
mdp.39015011886184,The Universe Maker,A. E. van Vogt,1953,laure
mdp.39015000626021,The Syndic,C. M. Kornbluth,1953,laure
osu.32435053315297,The Syndic,Cyril M. Kornbluth,1953,laure
pst.000007408274,The Sword of Rhiannon,Leigh Brackett,1953,laure
uc1.31210002153920,Starman Jones,Robert A. Heinlein,1953,laure
mdp.39015000549215,The Space Merchants,C. M. Kornbluth & Frederik Pohl,1953,laure
mdp.39015019147241,Second Stage Lensman,E. E. 'Doc' Smith,1953,laure
uva.x000305434,Second Stage Lensmen,"Edward E. Smith, Ph.D.",1953,laure
mdp.39015002672585,The Silver Chair,C. S. Lewis,1953,laure
mdp.39015013002491,The Kraken Wakes,John Wyndham,1953,laure
mdp.39015004853423,In the Wet,Nevil Shute,1953,laure
mdp.39015004784628,More Than Human,Theodore Sturgeon,1953,laure
mdp.39015004167840,The Lights in the Sky Are Stars,Fredric Brown,1953,laure
mdp.39015020645456,Fahrenheit 451,Ray Bradbury,1953,laure
mdp.39015011054155,The Demolished Man,Alfred Bester,1953,laure
mdp.39015005766368,Childhood's End,Arthur C. Clarke,1953,laure
mdp.39015043127201,Bring the Jubilee,Ward Moore,1953,laure
pst.000000187442,Against the Fall of Night,Arthur C. Clarke,1953,laure
osu.32435053364402,Space Platform,Murray Leinster,1953,laure
osu.32435053364352,Space Tug,Murray Leinster,1953,laure
uc1.b4439673,The Paradox Men,Charles L. Harness,1953,laure
osu.32435057536492,The Transcendent Man,Jerry Sohl,1953,laure
ppt.ssfcbz202002001113,Costigan's Needle,Jerry Sohl,1953,laure
mdp.49015000988411,Conan the Conqueror,Robert E. Howard,1953,laure
uva.x000029474,West of the Sun,Edgar Pangborn,1953,laure
mdp.39015005482750,The Time Masters,Wilson Tucker,1953,laure
mdp.39015005677698,The Green Millennium,Fritz Leiber,1953,laure
mdp.39015000651276,Wild Talent,Wilson Tucker,1953,laure
mdp.39015004072164,The Sinful Ones,Fritz Leiber,1953,laure
cub.p102102310017,The Duplicated Man,James Blish & Robert Lowndes,1953,laure
uga1.32108011174912,Sentinels from Space,Eric Frank Russell,1953,laure
mdp.39015000543903,Mr. Pye,Mervyn Peake,1953,laure
inu.30000011367970,Second Foundation,Isaac Asimov,1953,laure
uva.x001597636,The Space Pioneers,Carey Rockwell,1953,laure
uiug.30112002843545,Rocket to Luna,Richard Marsten,1953,laure
uva.x000326697,Danger: Dinosaurs!,Richard Marsten,1953,laure
mdp.39015016452651,"Tittivulus; or, the Verbiage Collector",Michael Ayrton,1953,laure
uiug.30112041662609,Crystal Clear,Elizabeth Cadell,1953,laure
uiug.30112002564711,Once Upon a Star,Kendell Foster Crossen,1953,laure
cub.p101151605006,Iceworld,Hal Clement,1953,laure
uva.x000166787,Man of Many Minds,E. Everett Evans,1953,laure
ufl.31262047216691,The Mysterious Planet,Kenneth Wright,1953,laure
mdp.39015013961159,Love Among the Ruins: A Romance of the Near Future,Evelyn Waugh,1953,laure
uc1.31822011050721,Killer to Come,"Sam Merwin, Jr.",1953,laure
uva.x000179222,Planet of Light,Raymond F. Jones,1953,laure
ppt.ssfcbz201808000125,Under the Influence,Geoffrey Kerr,1953,laure
uc1.b4094422,One,David Karp,1953,laure
uc1.$b104395,"O King, Live for Ever",Henry Myers,1953,laure
uva.x000876413,World Out of Mind,J. T. M'Intosh,1953,laure
nyp.33433043336381,Antro the Life-Giver,Jon J. Deegan,1953,laure
mdp.39015004652718,The Joker,Jean Malaquais,1953,laure
mdp.39015024089842,Miss Pickerell and the Geiger Counter,Ellen MacGregor,1953,laure
mdp.39015014859683,The Sands of Karakorum,James Ramsey Ullman,1953,laure
mdp.39015014859022,The Angel Who Pawned Her Harp,Charles Terrot,1953,laure
osu.32435059752907,Tom Corbett's Wonder Book of Space,Marcia Martin (children's author),1953,laure
mdp.39015019638512,Heartsnatcher,Boris Vian,1953,laure
mdp.39015047757581,Silky: An Incredible Tale,Elizabeth Coatsworth,1953,laure
uc1.$b104328,The Cave and the Rock,Raoul C. Faure,1953,laure
nyp.33433039656735,Unborn Tomorrow: A Last Story,Gilbert Frankau,1953,laure
uc1.$b56837,When He Shall Appear,Harold Kampf,1953,laure
mdp.39015024855309,The Train in the Meadow,Robert Nathan,1953,laure
inu.30000006623494,Drums Along the Amazon,Victor Norwood,1953,laure
uva.x030833205,The Strange Bedfellows of Montague Ames,Norton Parker,1953,laure
mdp.39015035321309,Little Witch,Anna Elizabeth Bennett,1953,laure
inu.32000009095367,The Victorian Chaise-Longue,Marghanita Laski,1953,laure
uc1.$b106117,The Victorian Chaise Longue,Marghanita Laski,1953,laure
ppt.ssfcbz201710000389,Revolt in 2100 / by Robert A. Heinlein ; with an introd. by Henry Kuttner.,"Heinlein, Robert A. 1907-1988",1953,temple
ppt.ssfcbz201710000404,The space merchants / by Frederik Pohl and C. M. Kornbluth.,"Pohl, Frederik",1953,temple
uc1.31822010375509,The Opening of the Eyes,Olaf Stapledon,1954,laure
osu.32435053307344,False Night,Algis Budrys,1954,laure
mdp.39015019152761,Children of the Lens,E. E. 'Doc' Smith,1954,laure
pst.000043872435,Children of the Lens,Edward E. Smith,1954,laure
uva.x000305498,Children of the Lens,"Edward E. Smith, Ph.D.",1954,laure
pst.000061659452,Mission of Gravity,Hal Clement,1954,laure
mdp.39015046832849,A Mirror for Observers,Edgar Pangborn,1954,laure
uc1.32106005389942,Messiah,Gore Vidal,1954,laure
mdp.39015002344573,The Fellowship of the Ring,J. R. R. Tolkien,1954,laure
dul1.ark:/13960/t52g3xs64,The Two Towers,J. R. R. Tolkien,1954,laure
mdp.39015027246415,The Horse and His Boy,C. S. Lewis,1954,laure
uc1.b4384819,The Forgotten Planet,Murray Leinster,1954,laure
uc1.b4445401,A Fable,William Faulkner,1954,laure
uva.x000100282,The Caves of Steel,Isaac Asimov,1954,laure
mdp.39015048955895,Brain Wave,Poul Anderson,1954,laure
uc1.b4098574,The Stars Are Ours!,Andre Norton,1954,laure
uva.x000424386,Undersea Quest,Jack Williamson & Frederik Pohl,1954,laure
inu.30000124600820,Tomorrow!,Philip Wylie,1954,laure
uc1.31210006313496,Spiders' War,S. Fowler Wright,1954,laure
uva.x000834568,Born Leader,J. T. McIntosh,1954,laure
ppt.ssfcbz202002001090,Worlds Apart,J. T. McIntosh,1954,laure
mdp.39015035796294,One in Three Hundred,J. T. McIntosh,1954,laure
uc1.31822041530478,The Altered Ego,Jerry Sohl,1954,laure
mdp.39015010749433,The Star Beast,Robert A. Heinlein,1954,laure
mdp.39076002848625,Tom Swift and His Jetmarine,"Victor Appleton, II",1954,laure
osu.32435050517812,Tom Swift and His Giant Robot,"Victor Appleton, II",1954,laure
uc1.b4447025,Shadows in the Sun,Chad Oliver,1954,laure
ppt.ssfcbz201808000178,The Grand Illusion,Vargo Statten,1954,laure
ppt.ssfcbz201808000179,I Came ‚Äî I Saw ‚Äî I Wondered,Volsted Gridban,1954,laure
mdp.39015005108124,The Wonderful Flight to the Mushroom Planet,Eleanor Cameron,1954,laure
mdp.49015000897513,Half Magic,Edward Eager,1954,laure
osu.32435058057811,Treachery in Outer Space,Carey Rockwell,1954,laure
coo.31924013587567,The Long Way Back,Margot Bennett,1954,laure
pst.000025483086,The Children of Green Knowe,L. M. Boston,1954,laure
mdp.39015016440094,Dark Dominion,David Duncan,1954,laure
ppt.ssfcbz201808000167,Hero's Walk,Robert Crane,1954,laure
uc1.b3346770,The Big Ball of Wax,Shepherd Mead,1954,laure
mdp.39015029750877,Return to Tomorrow,L. Ron Hubbard,1954,laure
uva.x000672582,Planets for Sale,E. Mayne Hull,1954,laure
ppt.ssfcbz202002001122,Planets for Sale,A. E. van Vogt & E. Mayne Hull,1954,laure
uc1.31210006596926,Mel Oliver and Space Rover on Mars,William Morrison,1954,laure
mdp.39015002712258,The Magicians,J. B. Priestley,1954,laure
uc1.b3347098,The Conquered Place,Robert Shafer,1954,laure
pst.000000018067,The Year the Yankees Lost the Pennant,Douglass Wallop,1954,laure
uc1.$b244788,"Village Fanfare; or, The Man from the Future",Donald Suddaby,1954,laure
pst.000024817776,"Celestial Space, Inc.",Charles Coombs,1954,laure
mdp.39015002189283,Lord of the Flies,William Golding,1954,laure
nyp.33433043347206,World in Eclipse,William Dexter,1954,laure
nyp.33433043347172,Hole in Heaven,F. Dubrez Fawcett,1954,laure
mdp.39015011268417,The Giant,William P√®ne du Bois,1954,laure
uc1.31822010838100,The Feasting Dead,John Metcalfe,1954,laure
coo.31924013657097,Lost Island,Graham McInnes,1954,laure
osu.32435052966264,The Golden Skull,John Blaine,1954,laure
mdp.39015003675488,Rainbow on the Road,Esther Forbes,1954,laure
mdp.39076002607377,Beyond the Pawpaw Trees: The Story of Anna Lavinia,Palmer Brown,1954,laure
uc1.b4084558,Mrs. Searwood's Secret Weapon,Leonard Wibberley,1954,laure
uc1.32106019461570,The Power of Nothingness,Alexandra David-Neel & Lama Yongden,1954,laure
uva.x030796772,The Little Laundress and the Fearful Knight,Bertram Bloch,1954,laure
nyp.33433043152929,The Wheel in the Sky,Rafe Bernard,1954,laure
uc1.b4097985,Flight,Evelyn Eaton,1954,laure
uc1.31822015921521,Hound Dog Moses and the Promised Land,Walter D. Edmonds,1954,laure
uc1.$b299834,Mountain Bride: An Incredible Tale,Elizabeth Coatsworth,1954,laure
mdp.39076002245467,The Sign of the Seven Seas,Carley Dawson,1954,laure
uc1.31210008014597,The Story of Kast√°n,C. Whitworth Ekberg,1954,laure
mdp.39015078570697,Crusoe Warburton,Victor Wallace Germains,1954,laure
uc1.$b101897,The Caperberry Bush,Jack Guinn,1954,laure
inu.32000001379231,The Other Landscape,Neil M. Gunn,1954,laure
mdp.39015008012984,The Ramayana,Aubrey Menen,1954,laure
mdp.39015011815209,A Ghost at Noon,Alberto Moravia,1954,laure
mdp.39015002709882,Atlantis,John Cowper Powys,1954,laure
uc1.32106002145636,It Happened to Didymus,Upton Sinclair,1954,laure
uc1.$b251618,What Didymus Did,Upton Sinclair,1954,laure
uc1.$b805413,Dreams in Reality of the Undersea Craft,"Walter Wiggins, Jr.",1954,laure
mdp.39015019069528,Don Camillo's Dilemma,Giovanni Guareschi,1954,laure
ppt.ssfcbz202002001099,Star short novels / edited by Frederik Pohl.,"Pohl, Frederik.",1954,temple
ppt.ssfcbz202002001105,Untouched by human hands : thirteen stories / by Robert Sheckley.,"Sheckley, Robert, 1928-2005",1954,temple
pst.000014486920,Tunnel in the Sky,Robert A. Heinlein,1955,laure
mdp.39015000626039,Not This August,C. M. Kornbluth,1955,laure
mdp.39015005282259,The Magician's Nephew,C. S. Lewis,1955,laure
mdp.39015005607976,The Return of the King,J. R. R. Tolkien,1955,laure
uc1.b3861627,The Long Tomorrow,Leigh Brackett,1955,laure
mdp.39015002288762,The End of Eternity,Isaac Asimov,1955,laure
mdp.39015003756627,Earthlight,Arthur C. Clarke,1955,laure
mdp.39015003862292,Sargasso of Space,Andre Norton,1955,laure
nyp.33433043133887,Alien Dust,E. C. Tubb,1955,laure
mdp.39015052544965,Revolt on Alpha C,Robert Silverberg,1955,laure
uva.x000180562,Star Guard,Andre Norton,1955,laure
inu.30000039132257,Solar Lottery,Philip K. Dick,1955,laure
uc1.31210012001960,World of Chance,Philip K. Dick,1955,laure
uiug.30112003192074,Point Ultimate,Jerry Sohl,1955,laure
mdp.39015003972067,The Long Way Home,Poul Anderson,1955,laure
mdp.39015010226085,Re-Birth,John Wyndham,1955,laure
mdp.49015001218248,The Chrysalids,John Wyndham,1955,laure
uc1.31210017007756,Reprieve from Paradise,H. Chandler Elliott,1955,laure
osu.32435053364543,Timeliner,Charles Eric Maine,1955,laure
uva.x000890159,Time Bomb,Wilson Tucker,1955,laure
mdp.39015073820865,Hell's Pavement,Damon Knight,1955,laure
ppt.ssfcbz201808000113,Analogue Men,Damon Knight,1955,laure
pst.000032707069,The Borrowers Afield,Mary Norton,1955,laure
mdp.39015008598438,Cards of Identity,Nigel Dennis,1955,laure
coo.31924013580414,Tomorrow Revealed,John Atkins,1955,laure
uva.x004124497,Lost: A Moon,Paul Capon,1955,laure
nyp.33433043347040,Salamander War,Charles Carr,1955,laure
uva.x030029462,The Grotto,David Wilton Charters,1955,laure
uc1.b3877055,A Short History of the Future,R. C. Churchill,1955,laure
mdp.39015016424437,Overdraft on Glory,James Helvick,1955,laure
uc1.b3435510,The Year of the Comet,John Christopher,1955,laure
osu.32435053308334,Planet in Peril,John Christopher,1955,laure
coo.31924005909977,This Fortress World,James E. Gunn,1955,laure
nyp.33433039656628,The Planet Mappers,E. Everett Evans,1955,laure
mdp.39015016443015,The Lute and the Glove,Katherine Wigmore Eyre,1955,laure
mdp.39015031231643,Beyond Eden,David Duncan,1955,laure
mdp.39015000614282,The Age of the Tail,H. Allen Smith,1955,laure
mdp.39015005426773,The Answer,Philip Wylie,1955,laure
pst.000021709685,Switch on the Night,Ray Bradbury,1955,laure
wu.89093700854,Amorous Ghost,Pierre Bessand-Massenet,1955,laure
pst.000024817493,Continent in the Sky,Paul Berna,1955,laure
osu.32435069340883,Few Were Left,Harold Rein,1955,laure
uiug.30112003181291,Venus Boy,Lee Sutton,1955,laure
uc1.$b244944,The Unquiet Spirit,Marguerite Steen,1955,laure
uc1.b3406867,The Shy Stegosaurus of Cricket Creek,Evelyn Sibley Lampman,1955,laure
rul.390300039402120,Monstre Gai,Wyndham Lewis,1955,laure
uc1.b3267328,The Twelve Pictures,Edith Simon,1955,laure
mdp.39015028972605,My Bones and My Flute,Edgar Mittelholzer,1955,laure
osu.32435015019524,The Hills Were Liars,Riley Hughes,1955,laure
nyp.33433043153232,Split Image,Reed R. De Rouen,1955,laure
nyp.33433043153257,When the Moon Died,Richard Savage,1955,laure
mdp.39015014863941,Sir Henry,Robert Nathan,1955,laure
osu.32435080306731,Tan Ming,Lan Stormont,1955,laure
uc1.$b109272,The Accident,Dexter Masters,1955,laure
mdp.39015016435300,A Sign of the Times,Robert Kee,1955,laure
uc1.b4088224,The Boy Who Discovered the Earth,Henry Gregor Felsen,1955,laure
mdp.39015013776441,Double Exposure,Th√©o Fleischman,1955,laure
mdp.39015005542900,The Saintmaker's Christmas Eve,Paul Horgan,1955,laure
mdp.39015003908129,Looking Beyond,Lin Yutang,1955,laure
osu.32435069618007,Deep in the Sky: A Science Fiction Novel,Helga Nielsen,1955,laure
uc1.$b243539,The Devil Takes a Holiday,Alfred Noyes,1955,laure
mdp.39015004996792,Pedro P√°ramo,Juan Rulfo,1955,laure
mdp.39076006973445,The Blue-Nosed Witch,Margaret Embry,1955,laure
ppt.ssfcbz201710000419,"Caviar,","Sturgeon, Theodore.",1955,temple
ppt.ssfcbz201808000131,No boundaries / by Henry Kuttner and C. L. Moore.,"Kuttner, Henry",1955,temple
ppt.ssfcbz202002001119,Time: X / Wilson Tucker.,"Tucker, Wilson, 1914-2006",1955,temple
mdp.39015008958731,The Players of Null-A,A. E. van Vogt,1956,laure
mdp.39015002385147,Till We Have Faces,C. S. Lewis,1956,laure
mdp.39015029899484,The Stars My Destination,Alfred Bester,1956,laure
mdp.39015042471758,Tiger! Tiger!,Alfred Bester,1956,laure
mdp.39015002672395,The Last Battle,C. S. Lewis,1956,laure
mdp.39015062108892,Double Star,Robert A. Heinlein,1956,laure
uva.x000496806,The City and the Stars,Arthur C. Clarke,1956,laure
mdp.39015005084317,The Crossroads of Time,Andre Norton,1956,laure
mdp.39015005649820,Plague Ship,Andre Norton,1956,laure
osu.32435053572764,The World Jones Made,Philip K. Dick,1956,laure
mdp.39015014136587,Undersea Fleet,Jack Williamson & Frederik Pohl,1956,laure
mdp.39015005677029,The Long Night,Martin Caidin,1956,laure
pst.000013229757,Time for the Stars,Robert A. Heinlein,1956,laure
osu.32435054204243,The Shrinking Man,Richard Matheson,1956,laure
uva.x000858965,Interplanetary Hunter,Arthur K. Barnes,1956,laure
mdp.39015012833342,The Dragon in the Sea,Frank Herbert,1956,laure
uc1.$b245044,Escapement,Charles Eric Maine,1956,laure
osu.32435057536013,The Space Plague,George O. Smith,1956,laure
mdp.39015056248050,The Man Who Japed,Philip K. Dick,1956,laure
mdp.39015013395523,To Live Forever,Jack Vance,1956,laure
pst.000046949769,Moon Magic,Dion Fortune,1956,laure
mdp.39015003669184,Knight's Castle,Edward Eager,1956,laure
uc1.b3407034,The Shield Ring,Rosemary Sutcliff,1956,laure
mdp.39076002365794,And the Waters Prevailed,D. Moreau Barringer,1956,laure
mdp.39015005572162,No Refuge,John Boland,1956,laure
mdp.39015016452370,Doubting Thomas,Winston Brebner,1956,laure
mdp.39015012160415,The Enormous Egg,Oliver Butterworth,1956,laure
mdp.39015010915620,The Death of Grass,John Christopher,1956,laure
mdp.39015003688697,The Eighth Day,Robert C. Goldston,1956,laure
inu.32000002838086,The Rosemary Tree,Elizabeth Goudge,1956,laure
osu.32435053314951,The Deviates,Raymond F. Jones,1956,laure
cub.p101151702011,The Secret People,Raymond F. Jones,1956,laure
mdp.39015008158225,The Far Traveller,Manning Coles,1956,laure
uva.x000617456,Forbidden Area,Pat Frank,1956,laure
mdp.39015004273663,McGillicuddy McGotham,Leonard Wibberley,1956,laure
mdp.39015002754060,The Golden Kazoo,John G. Schneider,1956,laure
mdp.39076006985407,Zip-Zip and His Flying Saucer,John M. Schealer,1956,laure
uc1.31210006007395,Seven Stars for Catfish Bend,Ben Lucien Burman,1956,laure
uc1.$b106262,Gumption Island: A Fantasy of Coexistence,Felix Morley,1956,laure
uva.x002263125,Brother Bear,Guy Richards,1956,laure
uva.x000677510,Mission to the Moon,Lester del Rey,1956,laure
uc1.b4082107,The Curve of the Snowflake,W. Grey Walter,1956,laure
rul.39030035225772,Further Outlook,W. Grey Walter,1956,laure
mdp.39015003688598,The Genesis of Nam: A New Earth with Its Own Blue Heaven,Charles Goodrich,1956,laure
uc1.$b138017,The Ugglians,L. M. Fallaw,1956,laure
uga1.32108011164665,Police Your Planet,Erik Van Lhin,1956,laure
uva.x000240885,Islands of Space,"John W. Campbell, Jr.",1956,laure
mdp.39015005539567,The Great Captains,Henry Treece,1956,laure
uc1.b2803013,The Green Suns,Henry Ward,1956,laure
nyp.33433043152937,Pursuit Through Time,Jonathan Burke,1956,laure
nyp.33433043347107,Satellite in Space,Professor A. M. Low,1956,laure
nyp.33433044529273,The Golden Archer: A Satirical Novel of 1975,Gregory Mason,1956,laure
cub.p107272602006,The Mind Reader,Alan B. Rothenberg,1956,laure
mdp.39015013787141,The Insurgents,Vercors,1956,laure
mdp.39015014863511,The Investigator: A Narrative in Dialogue,Reuben Ship,1956,laure
uc1.b3407037,The Amazing Vacation,Dan Wickenden,1956,laure
mdp.39015004248574,The Sibyl,P√§r Lagerkvist,1956,laure
coo.31924013635994,Dawn in Andromeda,E. C. Large,1956,laure
mdp.39015024076070,The Fairy Doll,Rumer Godden,1956,laure
nyp.33333080764885,Curtain of Mist,M. Pardoe,1956,laure
uc1.$b86274,The Greatest Lover in the World,Alex Austin,1956,laure
uva.x000295442,Strange Visitor,Laura Conway,1956,laure
uc1.$b395367,The Game and the Ground,Peter Vansittart,1956,laure
uc1.$b104011,The Rancho of the Little Loves,Robert Nathan,1956,laure
uva.x001175474,The Lost Planet,Paul V. Dallas,1956,laure
ppt.ssfcbz201808000057,The circus of Dr. Lao : and other improbable stories / ed. by Ray Bradbury ; introduction by Ray Bradbury,,1956,temple
ppt.ssfcbz201808000107,Reach for tomorrow / Arthur C. Clarke.,"Clarke, Arthur C. 1917-2008",1956,temple
ppt.ssfcbz201808000247,The case against tomorrow : science-fiction stories / by Frederik Pohl.,"Pohl, Frederik",1956,temple
ppt.ssfcbz202002001098,Alternating currents / by Frederik Pohl.,"Pohl, Frederik.",1956,temple
mdp.39015002345950,On the Beach,Nevil Shute,1957,laure
uc1.31210006525149,The Naked Sun,Isaac Asimov,1957,laure
mdp.39015008035506,Rogue in Space,Fredric Brown,1957,laure
mdp.39015008864673,Empire of the Atom,A. E. van Vogt,1957,laure
mdp.49015000593328,The Door Into Summer,Robert A. Heinlein,1957,laure
pst.000013229740,Citizen of the Galaxy,Robert A. Heinlein,1957,laure
inu.32000009540750,The Black Cloud,Fred Hoyle,1957,laure
mdp.39015030708716,Star Born,Andre Norton,1957,laure
mdp.39015034642796,The Cosmic Puppets,Philip K. Dick,1957,laure
uva.x001000394,The Return of Conan,L. Sprague de Camp & Bj√∂rn Nyberg,1957,laure
uc1.b3407027,Blast-Off at 0300,Hugh Walters,1957,laure
osu.32435057536484,The Time Dissolver,Jerry Sohl,1957,laure
mdp.39015058014633,Atlas Shrugged,Ayn Rand,1957,laure
mdp.39015049678728,The Midwich Cuckoos,John Wyndham,1957,laure
uc1.31210018344992,Village of the Damned,John Wyndham,1957,laure
uva.x002683922,The Winds of Time,Chad Oliver,1957,laure
mdp.39015016437462,The Isotope Man,Charles Eric Maine,1957,laure
inu.30000035590144,Eye in the Sky,Philip K. Dick,1957,laure
uva.x000180552,Sea Siege,Andre Norton,1957,laure
ppt.ssfcbz201808000187,Slave Ship,Frederik Pohl,1957,laure
ppt.ssfcbz202002001041,The Green Odyssey,Philip Jos√© Farmer,1957,laure
mdp.39015002698259,"Fire, Burn!",John Dickson Carr,1957,laure
mdp.49015000565706,Dandelion Wine,Ray Bradbury,1957,laure
mdp.39015016867882,The Mind Cage,A. E. van Vogt,1957,laure
uc1.$b104269,Thomasina: The Cat Who Thought She Was God,Paul Gallico,1957,laure
uva.x006042187,Magic by the Lake,Edward Eager,1957,laure
pur1.32754062915099,One Half of the World,James Barlow,1957,laure
mdp.39015030728169,Pawn of Time: An Extravaganza,Robin Carson,1957,laure
uc1.$b87143,Subi: The Volcano,Burt Cole,1957,laure
mdp.39015014677572,The Seventh Day,Hans Hellmut Kirst,1957,laure
mdp.39015047753259,No One Will Escape,Hans Hellmut Kirst,1957,laure
ppt.ssfcbz202002001077,Planet Explorer,Murray Leinster,1957,laure
mdp.39015013279792,They'd Rather Be Right,Mark Clifton & Frank Riley,1957,laure
uc1.$b391235,Devil by the Sea,Nina Bawden,1957,laure
osu.32435015279425,The Strange Case of Mr. Pelham,Anthony Armstrong (1897-1976),1957,laure
mdp.39015050981961,The Master,T. H. White,1957,laure
mdp.39015004273648,Take Me to Your President,Leonard Wibberley,1957,laure
mdp.49015001137711,"The Gates of Ivory, the Gates of Horn",Thomas McGrath,1957,laure
uc1.b3406902,Rusty's Space Ship,Evelyn Sibley Lampman,1957,laure
mdp.39015016437975,The Green Kingdom,Rachel Maddux,1957,laure
uc1.$b242869,Strange Evil,Jane Gaskell,1957,laure
mdp.39015004856194,The Short Reign of Pippin IV: A Fabrication,John Steinbeck,1957,laure
mdp.39015040109038,The Baron in the Trees,Italo Calvino,1957,laure
cub.p107272609011,The Sea People,Julius C. Sizemore & Wilkie G. Sizemore,1957,laure
nyp.33433043901259,Atomic Submarine: A Story of Tomorrow,Alastair Mars,1957,laure
ucbk.ark:/28722/h29883b5v,Sphereland: A Fantasy About Curved Spaces and an Expanding Universe,Dionys Burger,1957,laure
uc1.$b244860,The Fur Person,May Sarton,1957,laure
mdp.39015013095297,Below the Salt,Thomas B. Costain,1957,laure
mdp.39015014316601,The Egghead Republic: A Short Novel from the Horse Latitudes,Arno Schmidt,1957,laure
mdp.39015027551848,A Grass Rope,William Mayne,1957,laure
osu.32435066351198,Cynthia,Rosalind Sibold,1957,laure
uva.x000318549,You'll See: Report from the Future,Egon Larsen,1957,laure
uva.x004762331,Tistou of the Green Thumbs,Maurice Druon,1957,laure
uc1.$b245287,St. Dingan's Bones,Julian Callender,1957,laure
osu.32435008897720,The Bridge,Pamela Frankau,1957,laure
inu.30000107396693,Arctic Submarine,Alastair Mars,1957,laure
uc1.b4098767,The Garden Under the Sea,George Selden,1957,laure
mdp.49015001112011,The Wonderful O,James Thurber,1957,laure
mdp.39015058013502,Don Camillo Takes the Devil by the Tail,Giovanni Guareschi,1957,laure
ppt.ssfcbz202002001049,"Sometime, never : three tales of imagination / by William Golding, John Wyndham [and] Mervyn Peake.",,1957,temple
ppt.ssfcbz202002001064,Escape to earth / edited by Ivan Howard.,"Howard, Ivan.",1957,temple
ppt.ssfcbz202002001104,Pilgrimage to Earth / by Robert Sheckley.,"Sheckley, Robert, 1928-2005",1957,temple
inu.30000102131947,Non-Stop,Brian Aldiss,1958,laure
uiug.30112037327837,Non-Stop,Brian W. Aldiss,1958,laure
ppt.ssfcbz202002001000,Starship,Brian W. Aldiss,1958,laure
uc1.$b287676,I Hear Voices,Paul Ableman,1958,laure
uva.x000131002,Man of Earth,A. J. Budrys,1958,laure
mdp.39015005458644,The Mezentian Gate,E. R. Eddison,1958,laure
mdp.39015016450150,Who?,Algis Budrys,1958,laure
uva.x000095247,Immortality Delivered,Robert Sheckley,1958,laure
osu.32435053310876,Space Prison,Tom Godwin,1958,laure
uc1.32106006207630,Methuselah's Children,Robert A. Heinlein,1958,laure
mdp.39015035342586,Have Space Suit - Will Travel,Robert A. Heinlein,1958,laure
mdp.39015013534014,A Case of Conscience,James Blish,1958,laure
mdp.39015011695874,The Time Traders,Andre Norton,1958,laure
mdp.39015038075829,Invaders from Earth,Robert Silverberg,1958,laure
uva.x000310169,Undersea City,Jack Williamson & Frederik Pohl,1958,laure
osu.32435053364436,War with the Gizmos,Murray Leinster,1958,laure
uva.x000312996,VOR,James Blish,1958,laure
mdp.39015008161781,War of the Wing-Men,Poul Anderson,1958,laure
mdp.39015005165702,The Planet Savers,Marion Zimmer Bradley,1958,laure
mdp.39015008856042,The Sherwood Ring,Elizabeth Marie Pope,1958,laure
uc1.32106014483108,The Big Time,Fritz Leiber,1958,laure
uc1.b3862851,The Sundial,Shirley Jackson,1958,laure
ppt.ssfcbz202002001086,The Tide Went Out,Charles Eric Maine,1958,laure
osu.32435053364535,World Without Men,Charles Eric Maine,1958,laure
uc1.b3406850,Danny Dunn and the Homework Machine,Jay Williams & Raymond Abrashkin,1958,laure
uc1.$b245240,The Lincoln Hunters,Wilson Tucker,1958,laure
ppt.ssfcbz201710000424,The Cosmic Rape,Theodore Sturgeon,1958,laure
pst.000013229719,The Languages of Pao,Jack Vance,1958,laure
mdp.49015002971167,No Place on Earth,Louis Charbonneau,1958,laure
mdp.49015001400143,Tom's Midnight Garden,A. Philippa Pearce,1958,laure
uva.x000213542,Tom's Midnight Garden,Philippa Pearce,1958,laure
nyp.33433044666513,Operation Springboard,"John Ball, Jr.",1958,laure
uc1.$b86295,Swear by Apollo,Shirley Barker,1958,laure
pur1.32754062914530,A Scent of New-Mown Hay,John Blackburn,1958,laure
uc1.b4101896,Treasure of Green Knowe,L. M. Boston,1958,laure
osu.32435053305025,After the Rain,John Bowen,1958,laure
osu.32435054317482,The Barford Cat Affair,P. H. H. Bryan,1958,laure
osu.32435068166552,Shara-Li,Clyde Andre Castilla,1958,laure
uiug.30112041679215,Slow Burner,William Haggard,1958,laure
uva.x000883777,Starman's Quest,Robert Silverberg,1958,laure
cub.p101161916010,The Path of Unreason,George O. Smith,1958,laure
osu.32435057544645,First on the Moon,Jeff Sutton,1958,laure
uga1.32108057284856,Out of This World,Murray Leinster,1958,laure
uva.x000179221,The Year When Stardust Fell,Raymond F. Jones,1958,laure
uiug.30112038192537,Come and Go,Manning Coles,1958,laure
uc1.$b101903,The Joy Wagon,Arthur T. Hadley,1958,laure
mdp.39015048712288,An Elephant for Aristotle,L. Sprague de Camp,1958,laure
pst.000029942930,Summons from Baghdad,Allan MacKinnon,1958,laure
uva.x030743327,Space Cat and the Kittens,Ruthven Todd,1958,laure
nyp.33433044672883,The Sparrows of Paris,Mario Pei,1958,laure
mdp.39076006985415,Zip-Zip Goes to Venus,John M. Schealer,1958,laure
mdp.49015000959396,The Black Spider,Jeremias Gotthelf,1958,laure
uc1.$b105807,Mind Out of Time,Angela Tonks,1958,laure
mdp.39015024087432,The Moonball,Ursula Moray Williams,1958,laure
uiug.30112001310710,Beware of the Mouse,Leonard Wibberley,1958,laure
uva.x001475235,So Love Returns,Robert Nathan,1958,laure
uc1.b3482880,The Plague of Silence,John Creasey,1958,laure
mdp.39015016897640,Castaways in Lilliput,Henry Winterfeld,1958,laure
osu.32435060537743,The Haunted Strangler,John C. Cooper,1958,laure
uva.x001476626,Giddy Moment,Ernestine Gilbreth Carey,1958,laure
pst.000005733545,The Mysterious Stranger,Olive Gundran,1958,laure
umn.319510008919737,And to Think That I Saw It on Mulberry Street,Dr. Seuss,1958,laure
uc1.b2801056,Dance with the Devil: A Dramatic Encounter,G√ºnther Schwab,1958,laure
ppt.ssfcbz201710000335,Starburst / Alfred Bester.,"Bester, Alfred.",1958,temple
ppt.ssfcbz202002001021,The other side of the sky / by Arthur C. Clarke.,"Clarke, Arthur C. 1917-2008.",1958,temple
ppt.ssfcbz202002001132,Men on the moon / edited by Donald A. Wollheim.,,1958,temple
mdp.39015014434172,The Falling Torch,Algis Budrys,1959,laure
ppt.ssfcbz201808000105,Scavengers in Space,Alan E. Nourse,1959,laure
mdp.39015008864665,The War Against the Rull,A. E. van Vogt,1959,laure
mdp.39015000529969,Titus Alone,Mervyn Peake,1959,laure
mdp.39015038922574,Starship Troopers,Robert A. Heinlein,1959,laure
mdp.39015002582594,The Sirens of Titan,"Kurt Vonnegut, Jr.",1959,laure
mdp.39076001543219,The Sirens of Titan,Kurt Vonnegut,1959,laure
mdp.39015000611528,A Canticle for Leibowitz,"Walter M. Miller, Jr.",1959,laure
mdp.39015005749158,Galactic Derelict,Andre Norton,1959,laure
mdp.39015038075811,The Dawning Light,Robert Randall,1959,laure
ppt.ssfcbz202002001081,Four from Planet 5,Murray Leinster,1959,laure
osu.32435053363693,The Monster from Earth's End,Murray Leinster,1959,laure
mdp.39015003897603,Inter Ice Age 4,Kobo Abe,1959,laure
uc1.32106007696336,Wolfbane,C. M. Kornbluth & Frederik Pohl,1959,laure
mdp.39015033871727,We Claim These Stars!,Poul Anderson,1959,laure
mdp.39015019446023,Eden,Stanislaw Lem,1959,laure
mdp.39015013265361,The Haunting of Hill House,Shirley Jackson,1959,laure
mdp.39015005728657,Secret of the Lost Race,Andre Norton,1959,laure
osu.32435053364634,Fire Past the Future,Charles Eric Maine,1959,laure
mdp.39015008313002,"Alas, Babylon",Pat Frank,1959,laure
mdp.39015002609272,Time Out of Joint,Philip K. Dick,1959,laure
inu.39000001030548,The Investigation,Stanislaw Lem,1959,laure
mdp.39015020633858,Naked Lunch,William S. Burroughs,1959,laure
mdp.49015000586389,Level 7,Mordecai Roshwald,1959,laure
uga1.32108007208161,Emperor Fu Manchu,Sax Rohmer,1959,laure
mdp.39076001004006,The Borrowers Afloat,Mary Norton,1959,laure
uva.x000442542,The Gammage Cup,Carol Kendall,1959,laure
uc1.$b100738,Too Many Ghosts,Paul Gallico,1959,laure
mdp.49015000897539,Magic or Not?,Edward Eager,1959,laure
nyp.33433044803496,Son of the Sun,Orfeo Angelucci,1959,laure
mdp.39015008969936,The Vet's Daughter,Barbara Comyns,1959,laure
nyp.33433044721151,Anno Domini 2000,Phil Coury,1959,laure
uc1.31210016884114,The Rest Must Die,Richard Foster,1959,laure
uc1.$b808957,The Bird of Time,Wallace West,1959,laure
osu.32435053310660,First to the Stars,Rex Gordon,1959,laure
osu.32435057544694,Bombs in Orbit,Jeff Sutton,1959,laure
mdp.39015056891271,Time Echo,Robert Lionel,1959,laure
ppt.ssfcbz202002001093,The Frozen Planet,A. J. Merak,1959,laure
mdp.39015011820779,Dorsai!,Gordon R. Dickson,1959,laure
ppt.ssfcbz201808000127,The Genetic General,Gordon R. Dickson,1959,laure
mdp.39015000611825,The Cool World,Warren Miller,1959,laure
mdp.39015062064459,Ossian's Ride,Fred Hoyle,1959,laure
osu.32435005497300,Not in Solitude,Kenneth F. Gantz,1959,laure
uc1.b4101939,The Terrible Churnadryne,Eleanor Cameron,1959,laure
uc1.b4089198,The Fig Tree,Aubrey Menen,1959,laure
mdp.39076000810981,The Two Deaths of Quincas Wateryell,Jorge Amado,1959,laure
mdp.39015030151552,The Lunatic Republic,Compton MacKenzie,1959,laure
mdp.39015030851748,Krishna Fluting,John Berry,1959,laure
uc1.$b104181,Five Miles from Candia,Althea Urn,1959,laure
mdp.39015046344084,The Manchurian Candidate,Richard Condon,1959,laure
uva.x000985933,The Badger of Ghissi,Wolf von Niebelsch√ºtz,1959,laure
uc1.31822035665744,Providence Island,Jacquetta Hawkes,1959,laure
pst.000005446827,Broken Boy,John Blackburn,1959,laure
mdp.39015013121127,Advise and Consent,Allen Drury,1959,laure
mdp.39015009192421,The Ugglians at Large; Second Book of Ugg,L. M. Fallaw,1959,laure
osu.32435054204078,The Dark Fantastic,Whit Masterson,1959,laure
mdp.39015014138187,Cadwallader: A Diversion,Russell Lynes,1959,laure
pur1.32754064558004,Jonathan,Russell O'Neil,1959,laure
mdp.39015002201724,An Edge of the Forest,Agnes Smith,1959,laure
uiug.30112115710557,The John Franklin Letters,uncredited,1959,laure
ppt.ssfcbz201710000417,Aliens 4 / Theodore Sturgeon.,"Sturgeon, Theodore",1959,temple
ppt.ssfcbz201710000432,The sirens of titan : an original novel / by Kurt Vonnegut.,"Vonnegut, Kurt",1959,temple
ppt.ssfcbz201808000136,Galactic cluster / by James Blish.,"Blish, James.",1959,temple
ppt.ssfcbz202002001010,The seedling stars / James Blish.,"Blish, James",1959,temple
ppt.ssfcbz202002001078,The monster from earth's end : an original gold medal novel / by Murray Leinster.,"Leinster, Murray, 1896-1975.",1959,temple
ppt.ssfcbz202002001130,The Hidden planet : science fiction adventures on Venus / edited by Donald A. Wollheim.,,1959,temple
osu.32435055414825,Star Surgeon,Alan E. Nourse,1960,laure
mdp.39015014854346,Venus Plus X,Theodore Sturgeon,1960,laure
mdp.39015013002517,Trouble with Lichen,John Wyndham,1960,laure
mdp.39015007036448,Rogue Moon,Algis Budrys,1960,laure
mdp.39015013291961,The High Crusade,Poul Anderson,1960,laure
mdp.39015008513858,Flesh,Philip Jos√© Farmer,1960,laure
mdp.49015000617523,Deathworld,Harry Harrison,1960,laure
mdp.39015008196746,The Sioux Spaceman,Andre Norton,1960,laure
mdp.39015016450218,The Atlantic Abomination,John Brunner,1960,laure
mdp.39015031213526,Into the Slave Nebula,John Brunner,1960,laure
osu.32435075038034,Men Into Space,Murray Leinster,1960,laure
ppt.ssfcbz201808000157,The Wailing Asteroid,Murray Leinster,1960,laure
osu.32435057545725,First on the Moon,Hugh Walters,1960,laure
uc1.b3872936,Facial Justice,L. P. Hartley,1960,laure
mdp.39015016453519,A Fine and Private Place,Peter S. Beagle,1960,laure
uc1.b4447027,Unearthly Neighbors,Chad Oliver,1960,laure
osu.32435074833567,Starfire,Robert Buckner,1960,laure
mdp.39015012292382,Danny Dunn on the Ocean Floor,Jay Williams & Raymond Abrashkin,1960,laure
uva.x001479078,Quatermass II,Nigel Kneale,1960,laure
mdp.39015022202744,Timestop!,Philip Jos√© Farmer,1960,laure
mdp.39015062547180,Dr. Futurity,Philip K. Dick,1960,laure
mdp.39015059159205,Vulcan's Hammer,Philip K. Dick,1960,laure
mdp.39015014136595,Drunkard's Walk,Frederik Pohl,1960,laure
uc1.b3463236,Eight Keys to Eden,Mark Clifton,1960,laure
osu.32435053364972,Woman from Another Planet,Frank Belknap Long,1960,laure
osu.32435074833633,Corpus Earthling,Louis Charbonneau,1960,laure
osu.32435056692312,The Status Civilization,Robert Sheckley,1960,laure
mdp.39015010234410,The Child Buyer,John Hersey,1960,laure
mdp.49015002399666,The Kingdom and the Cave,Joan Aiken,1960,laure
uc1.b4098566,Flight of Time,Paul Capon,1960,laure
nyp.33433044089385,The Deep Blue Ice,Langston Day,1960,laure
osu.32435057544496,Spacehive,Jeff Sutton,1960,laure
mdp.39015014863545,The Trouble with Tycho,Clifford D. Simak,1960,laure
mdp.39015014859337,30-Day Wonder,Richard Wilson,1960,laure
ppt.ssfcbz201808000129,The Climacticon,Harold Livingston,1960,laure
mdp.39015003942334,The Dean's Watch,Elizabeth Goudge,1960,laure
mdp.39015028871914,The Evolution Man or How I Ate My Father,Roy Lewis,1960,laure
hvd.hn5urn,The Doll Maker,Sarban,1960,laure
osu.32435061288825,Captives in Space,Joseph Greene,1960,laure
uc1.31158001932036,A Stranger Passed,Catherine Christian,1960,laure
mdp.39015002293424,When the Kissing Had to Stop,Constantine Fitz Gibbon,1960,laure
mdp.39015014320355,The Weans,Robert Nathan,1960,laure
uva.x001428818,Is There Intelligent Life on Earth?,Alan Dunn,1960,laure
osu.32435057545980,Lords of Atlantis,Wallace West,1960,laure
mdp.39015001525941,The Project,Andrew Sinclair,1960,laure
uiug.30112074731685,The Tomorrow People,Judith Merril,1960,laure
mdp.39015008466727,A New Year's Tale,Vladimir Dudintsev,1960,laure
cub.p101151707012,The Children of Light,H. L. Lawrence,1960,laure
mdp.39015002709890,All or Nothing,John Cowper Powys,1960,laure
uc1.32106002161351,The Descent,Gina Berriault,1960,laure
inu.30000052114562,The Saga of King Heidrek the Wise,Christopher Tolkien,1960,laure
mdp.39015008275110,Larger Than Life,Dino Buzzati,1960,laure
mdp.39015026938624,The Trouble with Jenny's Ear,Oliver Butterworth,1960,laure
mdp.39015073444443,Alpaca,H. L. Hunt,1960,laure
mdp.39015014890944,Natural History,Joan Perucho,1960,laure
uc1.$b102383,"Men of Destiny, or, The Moment of No Return",Stephen King-Hall,1960,laure
osu.32435060586716,The Man Who Captivated New York: The Further Adventures of Brother Angelo,Rosalie Lieberman,1960,laure
mdp.39015002712795,The Waters of Kronos,Conrad Richter,1960,laure
mdp.39015048898194,The General,Alan Sillitoe,1960,laure
mdp.39015011559575,The Real M√ºnchhausen: Authentic Tales of the Fabulous Baron of Bodenwerder,Angelita von M√ºnchhausen,1960,laure
uc1.$b251003,Wish Me Dead,David West,1960,laure
ppt.ssfcbz201710000420,Beyond / Theodore Sturgeon.,"Sturgeon, Theodore",1960,temple
ppt.ssfcbz201808000032,13 great stories of science fiction : a Gold Medal collection / edited by Groff Conklin.,,1960,temple
ppt.ssfcbz202002001087,Get out of my sky : three short novels of science fiction / selected by Leo Margulies.,,1960,temple
mdp.39015003972109,Orbit Unlimited,Poul Anderson,1961,laure
uiug.30112001823159,Three Hearts and Three Lions,Poul Anderson,1961,laure
uc1.b3751296,Sylva,Vercors,1961,laure
mdp.39015003922005,Stranger in a Strange Land,Robert A. Heinlein,1961,laure
osu.32435053311890,The Stainless Steel Rat,Harry Harrison,1961,laure
uc1.31158003216016,Invaders from the Infinite,"John W. Campbell, Jr.",1961,laure
mdp.39015020680461,A Fall of Moondust,Arthur C. Clarke,1961,laure
mdp.39015019145898,Catseye,Andre Norton,1961,laure
osu.32435053572517,Naked to the Stars,Gordon R. Dickson,1961,laure
osu.32435057920613,The Star Dwellers,James Blish,1961,laure
mdp.39015004811058,James and the Giant Peach,Roald Dahl,1961,laure
uva.x000285724,The Runaway World,Stanton A. Coblentz,1961,laure
uc1.31158008706672,Verwoerd - the End: A Lookback from the Future,Garry Allighan,1961,laure
mdp.39015010524562,Return from the Stars,Stanislaw Lem,1961,laure
osu.32435053307195,Some Will Not Die,Algis Budrys,1961,laure
mdp.39015016451745,Titan's Daughter,James Blish,1961,laure
inu.39000001037436,Memoirs Found in a Bathtub,Stanislaw Lem,1961,laure
mdp.39015008506662,The Lovers,Philip Jos√© Farmer,1961,laure
mdp.39015013972214,The Soft Machine,William S. Burroughs,1961,laure
mdp.39015029483347,The Borrowers Aloft,Mary Norton,1961,laure
mdp.39015029838383,The Phantom Tollbooth,Norton Juster,1961,laure
mdp.49015000720988,Pilgrimage,Zenna Henderson,1961,laure
uva.x006172519,Pilgrimage: The Book of the People,Zenna Henderson,1961,laure
pst.000045197642,A Stranger at Green Knowe,L. M. Boston,1961,laure
uc1.$b87058,The Scarlet Boy,Arthur Calder-Marshall,1961,laure
ppt.ssfcbz201710000435,The Day They H-Bombed Los Angeles,Robert Moore Williams,1961,laure
mdp.39015002174384,Time Is the Simplest Thing,Clifford D. Simak,1961,laure
ppt.ssfcbz201808000158,This World Is Taboo,Murray Leinster,1961,laure
osu.32435053309084,The Planet Strappers,Raymond Z. Gallun,1961,laure
mdp.39015002711961,The Thirty-First of June,J. B. Priestley,1961,laure
cub.p101151701011,Believers' World,Robert W. Lowndes,1961,laure
mdp.39015015061172,Epidemic!,Frank G. Slaughter,1961,laure
uc1.$b102382,Old House of Fear,Russell Kirk,1961,laure
osu.32435057546038,The Memory Bank,Wallace West,1961,laure
uiug.30112002014162,The Ikon,Clayton C. Barbeau,1961,laure
mdp.39015019789026,The Joy Makers,James Gunn,1961,laure
nyp.33433044785255,Soaring Sunward: Woman's Initiation,Jeanne Adriel,1961,laure
osu.32435053364345,The Mating Center,Frank Belknap Long,1961,laure
osu.32435064769243,Thief of Baghdad,Richard Wormser,1961,laure
mdp.39015016453592,The Secret Speech: The Failure of Comrade Krushchev's Leadership,John Robinson Beal,1961,laure
mdp.39015002969064,Solaris,Stanislaw Lem,1961,laure
nyp.33433044797441,I Am Lucifer: Confessions of the Devil,Clyde B. Clason,1961,laure
mdp.39015050980450,Jason,Henry Treece,1961,laure
mdp.39015046412071,The Old Men at the Zoo,Angus Wilson,1961,laure
nyp.33433044882565,Redcap,Philip McCutchan,1961,laure
uiug.30112049776161,Seance,Mark McShane,1961,laure
uc1.$b103961,The Day Khrushchev Panicked,George B. Mair,1961,laure
mdp.39015078571372,Venus: One World Nearer Paradise?,Arthur Elliott Paterson,1961,laure
uc1.$b322785,Long Night Among the Stars,Pat Booth (1929-2018),1961,laure
cub.p101162304010,The Visitors from Planet Veta,Reinhold W. Goll,1961,laure
cub.p102031611016,The Exorcism,Charity Blackstock,1961,laure
uc1.$b684795,The Day They Burned Miss Termag,Dacre Balsdon,1961,laure
nyp.33433044156333,More Than Moon,Laurence Clark,1961,laure
mdp.39015016449921,Good Friday ‚Äì 1963: A Journey into the Heart of One Man ‚Äì and Into the Soul of America,Otis Carney,1961,laure
uc1.b4451897,Minor Miracle,Al Morgan,1961,laure
mdp.39015014436946,The Wilderness-Stone,Robert Nathan,1961,laure
uc1.$b104475,Stranger at Killknock,Leonard Wibberley,1961,laure
uc1.b3346120,The Owl Hoots Twice at Catfish Bend,Ben Lucien Burman,1961,laure
uc1.$b157073,The Burial of the Sardine,Fernando Arrabal,1961,laure
mdp.39015009937908,The Snouters: Form and Life of the Rhinogrades,Harald St√ºmpke,1961,laure
uc1.b3810612,Come Out to Play,Alex Comfort,1961,laure
mdp.39015030727146,"A Talent for Loving; or, The Great Cowboy Race",Richard Condon,1961,laure
mdp.39015014276664,The Talent Scout,Romain Gary,1961,laure
uc1.$b115730,Miss Happiness and Miss Flower,Rumer Godden,1961,laure
ppt.ssfcbz201710000421,Some of your blood / Theodore Sturgeon.,"Sturgeon, Theodore",1961,temple
ppt.ssfcbz202002001002,Orbit unlimited : a science fiction adventure / Poul Anderson.,"Anderson, Poul, 1926-2001",1961,temple
mdp.39015012850064,A for Andromeda,Fred Hoyle & John Elliot,1962,laure
osu.32435053363701,Worlds of the Imperium,Keith Laumer,1962,laure
uva.x000372455,The Wizard of Linn,A. E. van Vogt,1962,laure
osu.32435055415434,Brain Twister,Mark Phillips,1962,laure
mdp.39015002691262,The Sword of Aldones,Marion Zimmer Bradley,1962,laure
osu.32435003596806,The Silver Eggheads,Fritz Leiber,1962,laure
mdp.39015020677434,The Man in the High Castle,Philip K. Dick,1962,laure
mdp.39015016451737,A Life for the Stars,James Blish,1962,laure
uiug.30112014159732,The Great Explosion,Eric Frank Russell,1962,laure
mdp.39015005751584,The Defiant Agents,Andre Norton,1962,laure
uva.x000195190,Lord of Thunder,Andre Norton,1962,laure
osu.32435055416200,Little Fuzzy,H. Beam Piper,1962,laure
uiug.30112002684048,Unwise Child,Randall Garrett,1962,laure
osu.32435053364469,"Talents, Incorporated",Murray Leinster,1962,laure
ppt.ssfcbz201710000333,The Wind from Nowhere,J. G. Ballard,1962,laure
ppt.ssfcbz201710000327,The Drowned World,J. G. Ballard,1962,laure
mdp.39015005009603,Triumph,Philip Wylie,1962,laure
mdp.39015004821420,The Woman in the Dunes,Kobo Abe,1962,laure
mdp.39015012198563,Necromancer,Gordon R. Dickson,1962,laure
ppt.ssfcbz202002001035,No Room for Man,Gordon R. Dickson,1962,laure
mdp.39015031231338,The Jewels of Aptor,Samuel R. Delany,1962,laure
uc1.31210016870733,D-99,H. B. Fyfe,1962,laure
pst.000027212882,A Wrinkle in Time,Madeleine L'Engle,1962,laure
mdp.39015024078886,Fail-Safe,Harvey Wheeler & Eugene Burdick,1962,laure
mdp.39015005906592,Something Wicked This Way Comes,Ray Bradbury,1962,laure
uc1.32106008566652,Memoirs of a Spacewoman,Naomi Mitchison,1962,laure
ppt.ssfcbz202002001091,Dome World,Dean McLaughlin,1962,laure
ppt.ssfcbz202002001129,The Red Planet,Russ Winterbotham,1962,laure
uva.x000057461,The Cybernetic Brains,Raymond F. Jones,1962,laure
mdp.39015008864640,The Dragon Masters,Jack Vance,1962,laure
mdp.39015004857200,A Clockwork Orange,Anthony Burgess,1962,laure
ppt.ssfcbz201710000337,The Wanting Seed,Anthony Burgess,1962,laure
mdp.49015000892951,The Wolves of Willoughby Chase,Joan Aiken,1962,laure
mdp.39076001544761,Mother Night,Kurt Vonnegut,1962,laure
uc1.32106006036237,Mother Night,"Kurt Vonnegut, Jr.",1962,laure
mdp.39015066055545,They Walked Like Men,Clifford D. Simak,1962,laure
osu.32435055419790,Journey Beyond Tomorrow,Robert Sheckley,1962,laure
coo.31924001398258,Island,Aldous Huxley,1962,laure
pst.000018666526,The Summer Birds,Penelope Farmer,1962,laure
mdp.49015000897547,Seven-Day Magic,Edward Eager,1962,laure
uc1.$b802612,The Flying Eyes,J. Hunter Holly,1962,laure
uiug.30112041417517,Purple-6,Henry Brinton,1962,laure
mdp.39015010775172,The Long Winter,John Christopher,1962,laure
uc1.b3435509,The World in Winter,John Christopher,1962,laure
osu.32435075207852,"Doomsday, 1999",Paul MacTyre,1962,laure
uc1.31210018225084,Walk Through To-Morrow,Karl Zeigfreid,1962,laure
uva.x000285836,Space Fury,R. L. Fanthorpe,1962,laure
mdp.39015016871611,The Long Afternoon of Earth,Brian Aldiss,1962,laure
mdp.49015000528936,Hothouse,Brian Aldiss,1962,laure
osu.32435053311874,Planet of the Damned,Harry Harrison,1962,laure
osu.32435057536419,The Perfect Planet,Evelyn E. Smith,1962,laure
uc1.b3406942,Hidden Trail,Jim Kjelgaard,1962,laure
uc1.$b395755,The Garden,Yves Berger,1962,laure
osu.32435053364287,Mars Is My Destination,Frank Belknap Long,1962,laure
iau.31858006568632,The Case Against Satan,Ray Russell,1962,laure
uc1.$b435128,The Crew of the Mekong,E. Voiskunsky & I. Lukodyanov,1962,laure
inu.32000009268378,The Time Before This,Nicholas Monsarrat,1962,laure
cub.p102232907008,The Eighth Seal,Angus MacLeod,1962,laure
mdp.39015002587205,In High Places,Arthur Hailey,1962,laure
uc1.32106014952987,Malpertuis,Jean Ray,1962,laure
inu.30000029805201,Aura,Carlos Fuentes,1962,laure
mdp.39015002343146,Pale Fire,Vladimir Nabokov,1962,laure
inu.30000084004260,Feather Woman of the Jungle,Amos Tutuola,1962,laure
mdp.39015005862399,David Knudsen,George P. Elliott,1962,laure
mdp.39015019197790,The Return of the Twelves,Pauline Clarke,1962,laure
uc1.31210001021292,The Wish-Tree,John Ciardi,1962,laure
mdp.39015027553562,The Shy Stegosaurus of Indian Springs,Evelyn Sibley Lampman,1962,laure
inu.32000009141682,Leave Them Their Pride,Robin Cranford,1962,laure
mdp.39015053405992,A Shade of Difference,Allen Drury,1962,laure
nyp.33433045386079,Memoirs of a Smoking Jacket,Arthur Kleven,1962,laure
uc1.b2802864,The Sextuplets of Loqmaria,Michel Labry,1962,laure
uva.x000316658,The Scrolls of Lysis,Barnaby Ross,1962,laure
mdp.39015016434386,SheLa: A Satire,Aubrey Menen,1962,laure
mdp.39015066680300,The Night Watchman,Simonne Jacquemard,1962,laure
uc1.$b662027,The Smiling Kouros,Mikhail Soloviev,1962,laure
uva.x001246152,The Cat Can Yield But Its Skin,Currie B. Witt & Lavinia Lee Witt,1962,laure
mdp.39015065303052,Memoirs of a Banknote,J. Pa√ßo d'Arcos,1962,laure
uc1.$b101907,The Voices of Glory,Davis Grubb,1962,laure
mdp.39015009211817,Burning Grass,Cyprian Ekwensi,1962,laure
uc1.$b795541,The Troubling of the City,Roger Lloyd,1962,laure
mdp.39015013290492,Who Remembers the Sea,Mohammed Dib,1962,laure
ppt.ssfcbz201710000326,The voices of time and other stories / J.G. Ballard.,"Ballard, J. G., 1930-2009",1962,temple
ppt.ssfcbz201710000328,Billenium / J.G. Ballard.,"Ballard, J. G., 1930-2009",1962,temple
ppt.ssfcbz201808000041,More Soviet science fiction / with an introduction by Isaac Asimov ; translated from the Russian by R. Prokofieva.,,1962,temple
ppt.ssfcbz201808000185,Return to otherness / Henry Kuttner.,"Kuttner, Henry,",1962,temple
ppt.ssfcbz202002001024,The wall around the world / by Theodore R. Cogswell.,"Cogswell, Theodore R.",1962,temple
ppt.ssfcbz202002001063,"The house on the borderland : from the manuscript, discovered in 1877 by Messrs. Tonnison and Berreggnog, in the ruins that lie to the south of the village of Kraighten, in the west of Ireland. Set out here, with notes / by William Hope Hodgson.","Hodgson, William Hope, 1877-1918.",1962,temple
mdp.39015004878867,The Game-Players of Titan,Philip K. Dick,1963,laure
mdp.39015049645875,Glory Road,Robert A. Heinlein,1963,laure
uc1.32106002114350,Glory Road,Robert Heinlein,1963,laure
mdp.49015002517150,Cat's Cradle,Kurt Vonnegut,1963,laure
ppt.ssfcbz201710000434,Cat's Cradle,"Kurt Vonnegut, Jr.",1963,laure
inu.39000000059332,Witch World,Andre Norton,1963,laure
mdp.39076000644612,Judgment on Janus,Andre Norton,1963,laure
mdp.39015005156263,Key Out of Time,Andre Norton,1963,laure
mdp.39015002985169,The Man Who Fell to Earth,Walter Tevis,1963,laure
osu.32435053363750,A Trace of Memory,Keith Laumer,1963,laure
ppt.ssfcbz201808000128,The Cosmic Computer,H. Beam Piper,1963,laure
mdp.39015015203865,Space Viking,H. Beam Piper,1963,laure
mdp.39015031213567,Polymath,John Brunner,1963,laure
mdp.39015031213559,More Things in Heaven,John Brunner,1963,laure
osu.32435053306510,The Dreaming Earth,John Brunner,1963,laure
mdp.39015056894077,Anything You Can Do ...,Darrel T. Langart,1963,laure
uva.x000196487,Shield,Poul Anderson,1963,laure
mdp.39015014137635,The Earth War,Mack Reynolds,1963,laure
mdp.39015006577798,Podkayne of Mars,Robert A. Heinlein,1963,laure
mdp.39015020680917,Way Station,Clifford D. Simak,1963,laure
mdp.39015025036396,The Day Before Tomorrow,G√©rard Klein,1963,laure
osu.32435055429930,The Fury from Earth,Dean McLaughlin,1963,laure
uc1.b4098281,Dolphin Island,Arthur C. Clarke,1963,laure
mdp.39015016915616,The Beast,A. E. van Vogt,1963,laure
mdp.39015046455807,V.,Thomas Pynchon,1963,laure
mdp.39015008892666,Orphans of the Sky,Robert A. Heinlein,1963,laure
uva.x001466124,"Dr. Strangelove, or How I Learned to Stop Worrying and Love the Bomb",Peter George,1963,laure
uva.x000095162,Penelope,William C. Anderson,1963,laure
mdp.39015010311036,Fifth Planet,Fred Hoyle & Geoffrey Hoyle,1963,laure
osu.32435053310868,Return of the Shadow,Walter B. Gibson,1963,laure
osu.32435053308003,The Sentinel Stars,Louis Charbonneau,1963,laure
osu.32435006809198,Beyond the Stars,Ray Cummings,1963,laure
osu.32435055582522,Apollo at Go,Jeff Sutton,1963,laure
uga1.32108011179770,Radar Alert,Karl Zeigfreid,1963,laure
osu.32435053314332,Slave Planet,Laurence Janifer,1963,laure
ppt.ssfcbz201808000189,Slave Planet,Laurence M. Janifer,1963,laure
mdp.39015013134476,The Disappearing Dog Trick,Scott Corbett,1963,laure
uc1.31158000172527,The Horror from the Hills,Frank Belknap Long,1963,laure
mdp.39015056315982,The Dot and the Line: A Romance in Lower Mathematics,Norton Juster,1963,laure
mdp.39015003942250,The Scent of Water,Elizabeth Goudge,1963,laure
uc1.b2840214,Out of the Dead City,Samuel R. Delany,1963,laure
uc1.31210006051351,Ten from Infinity,Ivar Jorgensen,1963,laure
uc1.31210018345320,Moon Base,E. C. Tubb,1963,laure
pst.000018385762,Time at the Top,Edward Ormondroyd,1963,laure
nyp.33433045046558,A Likeness to Voices,Mary Savage,1963,laure
mdp.39015003346288,Seconds,David Ely,1963,laure
uc1.$b396594,Julian the Magician,Gwendolyn MacEwen,1963,laure
mdp.39015060029272,X,Eunice Sudak,1963,laure
uc1.b4385995,Sedge,Louis J. Halle,1963,laure
mdp.39015008247424,Planet of the Apes,Pierre Boulle,1963,laure
uva.x000221509,It Was the Day of the Robot,Frank Belknap Long,1963,laure
uc1.b3157702,The Hour of the Robots,Karl Bruckner,1963,laure
uc1.32106010262902,The Wall,Marlen Haushofer,1963,laure
cub.p101151703015,River of Time,Wallace West,1963,laure
uc1.31210020198766,The Star Men,Oscar J. Friend,1963,laure
uga1.32108011171108,Three Steps Spaceward,Frank B. Long,1963,laure
uva.x000241783,The Wooden Soldiers of Oz,Alexander Volkov,1963,laure
mdp.39015053104181,The Premier,Earl Conrad,1963,laure
uc1.b4084596,Amber Princess,Henry Treece,1963,laure
txu.059173026594947,Hopscotch,Julio Cort√°zar,1963,laure
inu.39000003946121,Man Without a Shadow,Colin Wilson,1963,laure
mdp.39015002324369,The Sex Diary of Gerard Sorme,Colin Wilson,1963,laure
uc1.b4930126,The Makepeace Experiment,Abram Tertz,1963,laure
mdp.39015030744257,The Day Natal Took Off: A Satire,Anthony Delius,1963,laure
uc1.$b115731,Little Plum,Rumer Godden,1963,laure
mdp.39015007019691,Mulata,Miguel √Ångel Asturias,1963,laure
uc1.$b704637,The Mulatta and Mr. Fly,Miguel √Ångel Asturias,1963,laure
uc1.$b391520,The Memoirs of Zeus,Maurice Druon,1963,laure
mdp.39015047521672,Harold's ABC,Crockett Johnson,1963,laure
mdp.39015003699850,Two by Two: A Story of Survival,David Garnett (I),1963,laure
umn.31951002029400o,I Was Alone: A Novel of Life on Earth and Elsewhere,Joe H. LePire,1963,laure
wu.89062354584,An End to Bugling,Edmund G. Love,1963,laure
osu.32435069286144,Ma√±analand,Brian MacDonnaill,1963,laure
cub.p102220410005,The Tulip Tree,Howard Rigsby,1963,laure
mdp.39015039633378,The Devil with Love,Robert Nathan,1963,laure
osu.32435053311676,The Day the Earth Froze,Gerald Hatch,1963,laure
mdp.39015000545593,The Winter People,Gilbert Phelps,1963,laure
nyp.33433044981979,"Alias Kinson; or, The Ghost of Billy the Kid",Ignatz Sahula-Dycke,1963,laure
uc1.b3407011,The Turret,Margery Sharp,1963,laure
mdp.39015011805234,Kate Crackernuts,K. M. Briggs,1963,laure
uc1.$b391578,The Trial of Charles de Gaulle,Alfred Fabre-Luce,1963,laure
nyp.33433045002890,"Private War with Russia: A Novel; Place: Washington, D.C.; Time: Tomorrow",Ernest R. May,1963,laure
mdp.39015008444773,Tatsinda,Elizabeth Enright,1963,laure
uc1.b4101937,The Beast with the Magical Horn,Eleanor Cameron,1963,laure
uc1.b4376773,"Iron Earth, Copper Sky",Yashar Kemal,1963,laure
ppt.ssfcbz201710000329,Passsport to eternity / J.G. Ballard.,"Ballard, J. G., 1930-2009",1963,temple
ppt.ssfcbz201808000058,"The coming of the robots / edited, and with an introd., by Sam Moskowitz.",,1963,temple
ppt.ssfcbz201808000061,Way out / edited by Ivan Howard.,,1963,temple
ppt.ssfcbz201808000126,The day the earth froze : a science fiction novel / Gerald Hatch.,"Hatch, Gerald.",1963,temple
ppt.ssfcbz202002001095,"Exploring other worlds / edited, and with an introd. by Sam Moskowitz.",,1963,temple
ppt.ssfcbz202002001131,More adventures on other planets / edited by Donald A. Wollheim.,,1963,temple
mdp.39015016466511,The Dark Light-Years,Brian Aldiss,1964,laure
mdp.39015014166568,The Whole Man,John Brunner,1964,laure
mdp.39015003899278,The Wanderer,Fritz Leiber,1964,laure
ppt.ssfcbz201710000358,Martian Time-Slip,Philip K. Dick,1964,laure
ppt.ssfcbz201710000357,Clans of the Alphane Moon,Philip K. Dick,1964,laure
mdp.49015002164110,Deathworld 2,Harry Harrison,1964,laure
mdp.39015014695517,Davy,Edgar Pangborn,1964,laure
pst.000033205854,The Book of Three,Lloyd Alexander,1964,laure
uva.x000156215,Golden Blood,Jack Williamson,1964,laure
mdp.39015003897637,The Face of Another,Kobo Abe,1964,laure
uc1.$b401402,Marooned,Martin Caidin,1964,laure
pst.000013229474,The Bloody Sun,Marion Zimmer Bradley,1964,laure
mdp.39015011340414,Farnham's Freehold,Robert A. Heinlein,1964,laure
mdp.49015000896655,Charlie and the Chocolate Factory,Roald Dahl,1964,laure
uc1.32106001607362,Far Rainbow,Arkady Strugatsky & Boris Strugatsky,1964,laure
ucbk.ark:/28722/h2k64b112,Hard to Be a God,Arkady Strugatsky & Boris Strugatsky,1964,laure
ppt.ssfcbz201808000132,The Reassembled Man,Herbert D. Kastle,1964,laure
ppt.ssfcbz201710000356,The Simulacra,Philip K. Dick,1964,laure
mdp.39015060111138,The Penultimate Truth,Philip K. Dick,1964,laure
uc1.31210004212666,Almuric,Robert E. Howard,1964,laure
uiug.30112002950746,Beyond the Barrier,Damon Knight,1964,laure
mdp.39015013946481,Earth's Last Citadel,Henry Kuttner & C. L. Moore,1964,laure
ppt.ssfcbz202002001062,The Prodigal Sun,Philip E. High,1964,laure
mdp.39015016423827,Tongues of the Moon,Philip Jos√© Farmer,1964,laure
mdp.39015014855442,The Eve of Saint Venus,Anthony Burgess,1964,laure
pst.000033666921,Black Hearts in Battersea,Joan Aiken,1964,laure
mdp.39015055165719,The Dalkey Archive,Flann O'Brien,1964,laure
mdp.39015037369322,The Fair,Robert Nathan,1964,laure
mdp.39015003942128,Sunburst,Phyllis Gotlieb,1964,laure
pur1.32754064557824,The Main Experiment,Christopher Hodder-Williams,1964,laure
ppt.ssfcbz201808000191,The Day They Invaded New York,Irwin Lewis,1964,laure
uc1.$b401410,White Pills,Ted Carroll,1964,laure
mdp.39015066065247,The Invincible,Stanislaw Lem,1964,laure
uc1.b3407032,Basil and the Lost Colony,Eve Titus,1964,laure
pst.000024654708,The Transcendental Murder,Jane Langton,1964,laure
mdp.39015048950938,Chitty Chitty Bang Bang,Ian Fleming,1964,laure
pst.000025462791,An Enemy at Green Knowe,L. M. Boston,1964,laure
ppt.ssfcbz201710000330,The Burning World,J. G. Ballard,1964,laure
mdp.39015000615032,Looking for the General,Warren Miller,1964,laure
ppt.ssfcbz202002001054,The Valley of Creation,Edmond Hamilton,1964,laure
mdp.39015002143181,The Reign of Wizardry,Jack Williamson,1964,laure
mdp.39015019385064,World Soul,Eremei Parnov & Mikhail Emtsev,1964,laure
mdp.39015013787695,Garden on the Moon,Pierre Boulle,1964,laure
mdp.39076000615059,The Bat-Poet,Randall Jarrell,1964,laure
uc1.b4880378,Undine,Phyllis Brett Young,1964,laure
mdp.39015016450499,The 480,Eugene Burdick,1964,laure
mdp.39015002236647,Season of Ponies,Zilpha Keatley Snyder,1964,laure
mdp.39015011342915,Out,Christine Brooke-Rose,1964,laure
mdp.39015003497941,The Magic Stone,Penelope Farmer,1964,laure
uc1.b4089040,Talargain,Joyce Gard,1964,laure
uiug.30112002843461,Magnificent White Men,Helen Hunter,1964,laure
uc1.b3477065,Blue Boy,Edwin A. Peeples,1964,laure
mdp.39015002756537,More About Scheherazade,C√®pre Sarbrow,1964,laure
mdp.39015024090691,The Strange Light,James Reeves,1964,laure
mdp.39015025957336,A Naked Girl,Nikos Athanassiades,1964,laure
mdp.39015008220900,The Pushcart War,Jean Merrill,1964,laure
uva.x002179317,The Paralyzing Rays vs. the Nuclears,Guido (Skipper) Nizzi,1964,laure
mdp.39015027553364,The Three Princes of Serendip,Elizabeth Jamison Hodges,1964,laure
ppt.ssfcbz201710000331,The terminal beach / J.G. Ballard.,"Ballard, J. G., 1930-2009",1964,temple
ppt.ssfcbz201710000336,The dark side of the earth / Alfred Bester.,"Bester, Alfred.",1964,temple
ppt.ssfcbz201710000422,Sturgeon in orbit / Theodore Sturgeon [i.e. E. H. Waldo],"Sturgeon, Theodore",1964,temple
uc1.32106002023783,Earthworks,Brian W. Aldiss,1965,laure
mdp.39015011250290,The Universe Between,Alan E. Nourse,1965,laure
mdp.39015066408991,The Three Stigmata of Palmer Eldritch,Philip K. Dick,1965,laure
mdp.39015013291920,The Star Fox,Poul Anderson,1965,laure
mdp.39015016450234,The Squares of the City,John Brunner,1965,laure
mdp.39015014519063,A Plague of Pythons,Frederik Pohl,1965,laure
mdp.39015013501922,Demon in the Skull,Frederik Pohl,1965,laure
mdp.39015025036388,The Maker of Universes,Philip Jos√© Farmer,1965,laure
mdp.39015016450226,The Long Result,John Brunner,1965,laure
coo.31924001888993,"God Bless You, Mr. Rosewater or Pearls Before Swine","Kurt Vonnegut, Jr.",1965,laure
pst.000008359247,"God Bless You, Mr. Rosewater or Pearls Before Swine",Kurt Vonnegut,1965,laure
mdp.39015004030758,The Genocides,Thomas M. Disch,1965,laure
mdp.49015003071447,Dune,Frank Herbert,1965,laure
mdp.49015000675919,Dr. Bloodmoney or How We Got Along After the Bomb,Philip K. Dick,1965,laure
mdp.39015003634022,The Black Cauldron,Lloyd Alexander,1965,laure
pst.000014940132,"Bill, the Galactic Hero",Harry Harrison,1965,laure
uva.x000313824,Quest Crosstime,Andre Norton,1965,laure
mdp.39015014367190,Lord Kalvan of Otherwhen,H. Beam Piper,1965,laure
uva.x000936807,Age of Miracles,John Brunner,1965,laure
mdp.39015034518962,City of a Thousand Suns,Samuel R. Delany,1965,laure
pst.000013229504,Star of Danger,Marion Zimmer Bradley,1965,laure
mdp.39015016450614,Sleeping Planet,"William R. Burkett, Jr.",1965,laure
mdp.39015012175769,Stormbringer,Michael Moorcock,1965,laure
mdp.39015008713003,The Blood Red Game,Michael Moorcock,1965,laure
mdp.39015012309145,The Winds of Limbo,Michael Moorcock,1965,laure
mdp.39015009018279,The City of the Beast,Michael Moorcock,1965,laure
uva.x030370604,City of the Beast,Michael Moorcock,1965,laure
mdp.39015009018329,Lord of the Spiders,Michael Moorcock,1965,laure
pst.000046544230,Elidor,Alan Garner,1965,laure
mdp.39015027227860,Conquerors from the Darkness,Robert Silverberg,1965,laure
pst.000064512624,Steel Magic,Andre Norton,1965,laure
ppt.ssfcbz202002001133,The Last Hope of Earth,Lan Wright,1965,laure
mdp.39015055165818,The Galactic Troubadours,A. M. Lightner,1965,laure
mdp.39015033284335,Dare,Philip Jos√© Farmer,1965,laure
nyp.33433045184938,Atlan,Jane Gaskell,1965,laure
ppt.ssfcbz202002001057,The Jupiter Legacy,Harry Harrison,1965,laure
mdp.39015016917729,Rogue Ship,A. E. van Vogt,1965,laure
mdp.49015000896473,"Over Sea, Under Stone",Susan Cooper,1965,laure
mdp.39015019750366,The Forgotten Door,Alexander Key,1965,laure
uc1.b4382653,White Lotus,John Hersey,1965,laure
mdp.39015000627532,The Cook,Harry Kressing,1965,laure
uc1.$b338024,The Red Dust,Bee Baldwin,1965,laure
mdp.39015031222907,Journal from Ellipsia,Hortense Calisher,1965,laure
ppt.ssfcbz201710000342,Psychedelic-40,Louis Charbonneau,1965,laure
uc1.b4089971,The Carefully Considered Rape of the World,Shepherd Mead,1965,laure
mdp.39015016440722,The Ballad of Beta-2,Samuel R. Delany,1965,laure
pst.000054205079,"""Repent, Harlequin!"" Said the Ticktockman",Harlan Ellison,1965,laure
mdp.39015008855051,Visa for Avalon,Bryher,1965,laure
mdp.39015002253840,The Magus,John Fowles,1965,laure
mdp.39015046378488,The Tin Men,Michael Frayn,1965,laure
mdp.39015014863933,The Mallot Diaries,Robert Nathan,1965,laure
mdp.39015019072720,The Generals,Per Wahl√∂√∂,1965,laure
mdp.39076000844964,The Runaway Robot,Lester del Rey,1965,laure
mdp.39015030701356,The Adventure of the Orient Express,August Derleth,1965,laure
mdp.39015073907225,The Wandering Unicorn,Manuel Mujica L√°inez,1965,laure
mdp.39015002644014,Strike from Space,Phyllis Schlafly & Chester Ward,1965,laure
mdp.39015046373323,The Arm of the Starfish,Madeleine L'Engle,1965,laure
ppt.ssfcbz201808000135,Sexualis '95,Jacques Sternberg,1965,laure
txu.059173022862910,Dona Flor and Her Two Husbands,Jorge Amado,1965,laure
mdp.39015013296101,Moominpappa at Sea,Tove Jansson,1965,laure
uc1.b3346078,A Wreath of Roses,John Blackburn,1965,laure
uc1.b4099051,The Cloud Forest,Joan North,1965,laure
ppt.ssfcbz202002001114,Beyond the Black Enigma,Bart Somers,1965,laure
mdp.39015014834223,Epp,Axel Jensen,1965,laure
uc1.b4097167,Robert Nathan's Portrait of Jennie: A Play in Three Acts,Bettye Knapp,1965,laure
mdp.39015020699693,The Painted Bird,Jerzy Kosinski,1965,laure
uc1.b3346798,The Visitors,Nathaniel Benchley,1965,laure
mdp.39015024084132,Bond of the Fire,Anthony Fon Eisen,1965,laure
mdp.39015016415591,The Fires of Arcadia,G. B. Harrison,1965,laure
uc1.32106002118609,The Animal Family,Randall Jarrell,1965,laure
mdp.39015030067436,Homunculus: A Magic Tale,Sven Delblanc,1965,laure
uc1.$b115455,The Coming of the Unselves,Edmund Ludlow,1965,laure
uc1.b3346974,The Biggest Pig in Barbados: A Fable,Wolf Mankowitz,1965,laure
uc1.$b106357,No Heaven for Gunga Din: Consisting of the British and American Officers' Book,Ali Mirdrekvandi Gunga Din,1965,laure
mdp.39015016436324,The Lost Diaries of Albert Smith,Robert Muller,1965,laure
uc1.$b114016,Envoy from Heaven,Joseph Tusiani,1965,laure
ppt.ssfcbz201710000423,Baby Is Three,Theodore Sturgeon,1965,temple
ppt.ssfcbz201710000423,...And My Fear Is Great,Theodore Sturgeon,1965,temple
ppt.ssfcbz201808000154,Secret of the black planet / Milton Lesser.,"Lesser, Milton, 1928-2008",1965,temple
ppt.ssfcbz202002001083,"The haunter of the dark and other tales of horror / edited, and with an introduction by August Derleth.","Lovecraft, H. P. 1890-1937",1965,temple
mdp.39015008439583,Planet of Exile,Ursula K. Le Guin,1966,laure
mdp.39015004924760,Rocannon's World,Ursula K. Le Guin,1966,laure
mdp.39015008918743,The Eyes of Heisenberg,Frank Herbert,1966,laure
mdp.39015008918735,The Green Brain,Frank Herbert,1966,laure
mdp.39015014859287,Skylark DuQuesne,E. E. 'Doc' Smith,1966,laure
mdp.39015010450529,The Moon Is a Harsh Mistress,Robert A. Heinlein,1966,laure
mdp.49015000689860,Make Room! Make Room!,Harry Harrison,1966,laure
mdp.39015000670789,Flowers for Algernon,Daniel Keyes,1966,laure
uc1.b4931266,Earthblood,Keith Laumer & Rosel George Brown,1966,laure
mdp.39015008005442,The Eyes of the Overworld,Jack Vance,1966,laure
mdp.39015005888113,Destination: Void,Frank Herbert,1966,laure
mdp.39015004022011,The Castle of Llyr,Lloyd Alexander,1966,laure
mdp.39015005320745,Babel-17,Samuel R. Delany,1966,laure
mdp.39015000363344,This Immortal,Roger Zelazny,1966,laure
mdp.39015011331504,Moon of Three Rings,Andre Norton,1966,laure
osu.32435053363131,The Monitors,Keith Laumer,1966,laure
ppt.ssfcbz201710000332,The Crystal World,J. G. Ballard,1966,laure
mdp.39015028745233,Empire Star,Samuel R. Delany,1966,laure
mdp.39015011913632,Watchers of the Dark,"Lloyd Biggle, Jr.",1966,laure
pst.000012778621,Ensign Flandry,Poul Anderson,1966,laure
mdp.39015005576171,Galactic Sibyl Sue Blue,Rosel George Brown,1966,laure
uva.x004507382,Sibyl Sue Blue,Rosel George Brown,1966,laure
uc1.b3451496,The Judgment of Eve,Edgar Pangborn,1966,laure
pst.000018727326,Earthfasts,William Mayne,1966,laure
mdp.39015024077193,Fantastic Voyage,Isaac Asimov,1966,laure
mdp.39015001771479,Night of Light,Philip Jos√© Farmer,1966,laure
uc1.$b391279,All Fools' Day,Edmund Cooper,1966,laure
mdp.39015059274319,The Crack in Space,Philip K. Dick,1966,laure
uva.x030796533,The Space Plague,A. M. Lightner,1966,laure
mdp.39015014858958,Shoot at the Moon,William F. Temple,1966,laure
mdp.39015030745007,The Gates of Creation,Philip Jos√© Farmer,1966,laure
mdp.39015016444443,The Gate of Time,Philip Jos√© Farmer,1966,laure
inu.32000003236454,The City,Jane Gaskell,1966,laure
mdp.39015030752805,October the First Is Too Late,Fred Hoyle,1966,laure
mdp.39015008371141,The Dream Master,Roger Zelazny,1966,laure
mdp.39015013009553,Black and Blue Magic,Zilpha Keatley Snyder,1966,laure
mdp.39015001549198,"Giles Goat-Boy or, the Revised New Syllabus",John Barth,1966,laure
mdp.39015035329427,The Crying of Lot 49,Thomas Pynchon,1966,laure
mdp.39015014138625,Colossus,D. F. Jones,1966,laure
mdp.39015019966608,Emma in Winter,Penelope Farmer,1966,laure
mdp.39015010721986,The Anti-Death League,Kingsley Amis,1966,laure
mdp.39015011353045,Such,Christine Brooke-Rose,1966,laure
mdp.39015010321076,Psychogeist,L. P. Davies,1966,laure
ppt.ssfcbz201808000164,Utopia Minus X,Rex Gordon,1966,laure
ppt.ssfcbz201808000142,The Furies,Keith Roberts,1966,laure
osu.32435059662031,The Quy Effect,Arthur Sellings,1966,laure
ppt.ssfcbz201808000144,The Mutants,Kris Neville,1966,laure
mdp.39015016441985,The Enemy of My Enemy,Avram Davidson,1966,laure
mdp.39015011802256,The Shores of Death,Michael Moorcock,1966,laure
ppt.ssfcbz201808000153,The Twilight Man,Michael Moorcock,1966,laure
ppt.ssfcbz202002001082,Lest Earth Be Conquered,Frank Belknap Long,1966,laure
ppt.ssfcbz202002001055,Doomstar,Edmond Hamilton,1966,laure
uva.x000285925,Phoenix Prime,Ted White,1966,laure
uc1.b3346109,Omar: A Fantasy for Animal Lovers,Wilfrid Blunt,1966,laure
uc1.b3347103,The Pedestal,George Lanning,1966,laure
uc1.b4084798,Dingo,J. M. Scott (1906-1986),1966,laure
osu.32435014621171,This Strange Tomorrow,Frank Belknap Long,1966,laure
ppt.ssfcbz201808000115,A Scourge of Screamers,Daniel F. Galouye,1966,laure
mdp.39015073389184,The Spirit of '76,Holmes Alexander,1966,laure
mdp.39015009053110,The Green Man,Henry Treece,1966,laure
pst.000047082823,The Magic Finger,Roald Dahl,1966,laure
mdp.39015024085246,Tunnel Through Time,Lester del Rey,1966,laure
uc1.32106002167382,Big As Life,E. L. Doctorow,1966,laure
mdp.39015014831542,The Tale of the Big Computer: A Vision,Olof Johannesson,1966,laure
ppt.ssfcbz202002001065,The End of Man?,Olof Johannesson,1966,laure
mdp.39076002193923,Taliesin,Robert Nye,1966,laure
uc1.32106008818350,Mott the Hoople,Willard Manus,1966,laure
uc1.$b119955,Lazarus,Jerome Hartenfels,1966,laure
mdp.39015073377783,The Harrad Experiment,Robert H. Rimmer,1966,laure
uc1.$b104265,The Man Who Was Magic: A Fable of Innocence,Paul Gallico,1966,laure
uc1.$b149269,Perturbing Spirit,Janet Caird,1966,laure
mdp.39015008807011,Capable of Honor,Allen Drury,1966,laure
mdp.39015003699215,Ulterior Motives,David Garnett (I),1966,laure
mdp.39076002869142,Mirror in the Darkness,Gourgen Yanikian & Helen Rettig,1966,laure
uc1.32106008037845,The Wondrous Physician,Jorge De Sena,1966,laure
mdp.39015027558413,Miss Bianca in the Salt Mines,Margery Sharp,1966,laure
mdp.39015024084694,The Mummy Market,Nancy Brelis,1966,laure
uc1.b4091122,A Terrible Freedom,Eric Linklater,1966,laure
ppt.ssfcbz201710000349,The Towers of Toron,Samuel R. Delany,1966,temple
ppt.ssfcbz201710000395,Planet of exile / Ursula K. Le Guin.,"Le Guin, Ursula K., 1929-2018,",1966,temple
ppt.ssfcbz201710000428,The players of Null-A / A. E. Van Vogt.,"Van Vogt, A. E. 1912-2000",1966,temple
ppt.ssfcbz201808000072,The magazine of fantasy & science fiction.,,1966,temple
ppt.ssfcbz201808000104,Empire of the atom / A. E. van Vogt.,"Van Vogt, A. E. 1912-2000",1966,temple
ppt.ssfcbz202002001124,The Many Worlds of Magnus Ridolph,Jack Vance,1966,temple
ppt.ssfcbz202002001124,The Brains of Earth,Jack Vance,1966,temple
mdp.39015056248035,Counter-Clock World,Philip K. Dick,1967,laure
mdp.39015010537812,Thorns,Robert Silverberg,1967,laure
pst.000048576932,Taran Wanderer,Lloyd Alexander,1967,laure
mdp.39015008045489,Lord of Light,Roger Zelazny,1967,laure
mdp.39015020063304,The Einstein Intersection,Samuel R. Delany,1967,laure
mdp.39015031213500,Born Under Mars,John Brunner,1967,laure
mdp.39015013275519,Quicksand,John Brunner,1967,laure
mdp.39015028759994,The Ruined Map,Kobo Abe,1967,laure
mdp.39015008633565,"Soldier, Ask Not",Gordon R. Dickson,1967,laure
pst.000050237340,Smith of Wootton Major,J. R. R. Tolkien,1967,laure
ppt.ssfcbz202002001046,Lords of the Starship,Mark S. Geston,1967,laure
mdp.39015025116172,Croyd,Ian Wallace,1967,laure
mdp.39015005122844,The White Mountains,John Christopher,1967,laure
mdp.39015054045730,The City of Gold and Lead,John Christopher,1967,laure
ppt.ssfcbz201710000406,Computer War,Mack Reynolds,1967,laure
nyp.33433045421512,Breakthrough,Richard Cowper,1967,laure
mdp.39076002736499,Tom Swift and the Captive Planetoid,"Victor Appleton, II",1967,laure
ppt.ssfcbz201808000156,The Time Tunnel,Murray Leinster,1967,laure
ppt.ssfcbz201808000159,Timeslip!,Murray Leinster,1967,laure
ppt.ssfcbz201710000396,City of Illusions,Ursula K. Le Guin,1967,laure
mdp.39015002169954,The Owl Service,Alan Garner,1967,laure
mdp.39015009018675,World Without Stars,Poul Anderson,1967,laure
mdp.39015056848560,Rosemary's Baby,Ira Levin,1967,laure
mdp.39015008778162,The Gate of Worlds,Robert Silverberg,1967,laure
pst.000061659612,The Mind Parasites,Colin Wilson,1967,laure
ppt.ssfcbz201710000375,The Ganymede Takeover,Philip K. Dick & Ray Nelson,1967,laure
uc1.32106018249018,The Zap Gun,Philip K. Dick,1967,laure
mdp.39015034521867,Echo Round His Bones,Thomas M. Disch,1967,laure
pst.000017727051,Ice,Anna Kavan,1967,laure
mdp.39015011726406,Operation Time Search,Andre Norton,1967,laure
uva.x000441047,The Dolphin Rider,Roy Meyers,1967,laure
mdp.39015050605990,The Killer Thing,Kate Wilhelm,1967,laure
mdp.39015005104842,A Torrent of Faces,James Blish & Norman L. Knight,1967,laure
mdp.39015011231522,The Day of the Dolphin,Robert Merle,1967,laure
mdp.39015014503133,The Weathermakers,Ben Bova,1967,laure
mdp.39015016423561,Twilight Journey,L. P. Davies,1967,laure
uc1.b2838857,The Magic Toyshop,Angela Carter,1967,laure
mdp.39015000696008,The Egypt Game,Zilpha Keatley Snyder,1967,laure
mdp.39015028801416,Gog,Andrew Sinclair,1967,laure
uva.x000158926,Why Call Them Back from Heaven?,Clifford D. Simak,1967,laure
mdp.39015003491811,The Werewolf Principle,Clifford D. Simak,1967,laure
mdp.39015004103571,Restoree,Anne McCaffrey,1967,laure
mdp.39015027551343,Thomas and the Warlock,Mollie Hunter,1967,laure
pst.000045370397,The Mouse and His Child,Russell Hoban,1967,laure
ppt.ssfcbz201808000199,The Day New York Trembled,Irwin Lewis,1967,laure
mdp.39015012304955,Kings of Infinite Space,Nigel Balchin,1967,laure
uc1.b4088136,The Weightless Mother,Norman Bell,1967,laure
uc1.b4382405,The Heir of Starvelings,Evelyn Berckman,1967,laure
ppt.ssfcbz201808000198,Down to Earth,Louis Charbonneau,1967,laure
uva.x000285586,Never the Same Door,John Rankine,1967,laure
ppt.ssfcbz202002001051,Waters of Death,Irving A. Greenfield,1967,laure
uva.x000721761,Intermind,Arthur Sellings,1967,laure
mdp.39015057013735,The Eskimo Invasion,Hayden Howard,1967,laure
mdp.39015015344909,To Open the Sky,Robert Silverberg,1967,laure
mdp.39015028027228,Self-Discovery,Vladimir Savchenko,1967,laure
mdp.39015016466255,Cryptozoic!,Brian W. Aldiss,1967,laure
uva.x000133437,The Iron Thorn,Algis Budrys,1967,laure
uc1.$b396593,Ten Million Years to Friday,John Lymington,1967,laure
mdp.39015035323727,The Dance of Genghis Cohn,Romain Gary,1967,laure
uc1.$b808871,The Scorpions,Robert Kelly,1967,laure
mdp.39015000956238,The Third Policeman,Flann O'Brien,1967,laure
uc1.$b785374,The Hole in the Zero,M. K. Joseph,1967,laure
uc1.b3477420,The Breaking Strain,John Masters,1967,laure
mdp.49015000922022,The Emperor and the Kite,Jane Yolen,1967,laure
inu.39000000983929,The Master and Margarita,Mikhail Bulgakov,1967,laure
mdp.39015053652155,The Other Side of the Mountain,Michel Bernanos,1967,laure
mdp.39015035511610,The Truthful Harp,Lloyd Alexander,1967,laure
uc1.$b120259,A Forest Is a Long Time Growing,Robin Brown,1967,laure
txu.059173024327586,The Tour,David Ely,1967,laure
ucbk.ark:/28722/h2rj4992q,One Hundred Years of Solitude,Gabriel Garc√≠a M√°rquez,1967,laure
uva.x000127863,The Gogglers: A Political Satire,Edward Raiden,1967,laure
pst.000033673059,Mrs. Pepperpot's Outing,Alf Pr√∏ysen,1967,laure
mdp.39015019802357,"The Ghost of Opalina; or, Nine Lives",Peggy Bacon,1967,laure
mdp.39015011600213,The Exquisite Corpse,Alfred Chester,1967,laure
uc1.b4960518,"The Earth Is Your Spaceship: ""The Story of Man""",Nat Dring,1967,laure
mdp.39015005191534,Witch Princess,Dorothy Johnson,1967,laure
mdp.39015059744378,The Wind Obeys Lama Toru,Tung Lee,1967,laure
uc1.$b119974,The Unaltered Cat,Albert Lewin,1967,laure
mdp.39015073377692,The Journal of David Q. Little,R. Daniel McMichael,1967,laure
mdp.39015009367924,Knee-Deep in Thunder,Sheila Moon,1967,laure
mdp.39015014863958,Stonecliff,Robert Nathan,1967,laure
mdp.39015000546252,The Giantkiller,Chapman Pincher,1967,laure
mdp.39015053588995,Rosa,Maurice Pons,1967,laure
nyp.33433045407727,The Sky Cage,Ann Prior,1967,laure
mdp.39015027551368,The Cold Flame,James Reeves,1967,laure
uc1.$b392292,Computer Takes All,John Bourne,1967,laure
mdp.39076006292283,No Transfer,Stephen Walton,1967,laure
uc1.$b120283,Unholy Crusade,Dennis Wheatley,1967,laure
uc1.b3158708,Eternal Wind,Sergei Zhemaitis,1967,laure
mdp.39015066607949,Orfeo in Paradise,Luigi Santucci,1967,laure
mdp.39015002742933,The Great One,Nicholas Roland,1967,laure
pst.000000283724,The Black Commandos,Julian Moreau,1967,laure
inu.30000080791456,The Little Man and the Little Miss,Erich K√§stner,1967,laure
ppt.ssfcbz201808000097,The magazine of fantasy & science fiction.,,1967,temple
ppt.ssfcbz201808000108,Who can replace a man? / Brian W. Aldiss.,"Aldiss, Brian W. 1925-2017",1967,temple
ppt.ssfcbz201808000130,Dr. Cyclops,Henry Kuttner,1967,temple
ppt.ssfcbz201808000130,Too Late for Eternity,Bryce Walton,1967,temple
ppt.ssfcbz201808000130,The Harpers of Titan,Edmond Hamilton,1967,temple
ppt.ssfcbz202002001075,City of illusions / by Ursula K. Le Guin.,"Le Guin, Ursula K., 1929-2018",1967,temple
ppt.ssfcbz202002001001,Report on Probability A,Brian W. Aldiss,1968,laure
mdp.39015008470554,The Santaroga Barrier,Frank Herbert,1968,laure
mdp.39015008288758,The Heaven Makers,Frank Herbert,1968,laure
mdp.39015013285799,Stand on Zanzibar,John Brunner,1968,laure
mdp.39015005228997,Rite of Passage,Alexei Panshin,1968,laure
mdp.39015073378179,Picnic on Paradise,Joanna Russ,1968,laure
inu.30000081157426,Nova,Samuel R. Delany,1968,laure
mdp.39015011542720,The Masks of Time,Robert Silverberg,1968,laure
mdp.39015046381862,The High King,Lloyd Alexander,1968,laure
mdp.39015024079447,The Goblin Reservation,Clifford D. Simak,1968,laure
mdp.39015008801832,The Final Programme,Michael Moorcock,1968,laure
mdp.39015038166594,Do Androids Dream of Electric Sheep?,Philip K. Dick,1968,laure
mdp.39015002754011,The Demon Breed,James H. Schmitz,1968,laure
mdp.49015002164128,Deathworld 3,Harry Harrison,1968,laure
mdp.39015038916857,2001: A Space Odyssey,Arthur C. Clarke,1968,laure
mdp.39015008267810,"Wonders, Inc.",Crawford Kilian,1968,laure
uc1.$b120006,All Judgment Fled,James White,1968,laure
ppt.ssfcbz202002001018,The Doomsday Men,Kenneth Bulmer,1968,laure
mdp.39015057935176,The God Machine,Martin Caidin,1968,laure
uga1.32108011162487,Thongor at the End of Time,Lin Carter,1968,laure
mdp.39015025124440,Dr. Orpheus,Ian Wallace,1968,laure
uva.x000440330,Six Gates from Limbo,J. T. McIntosh,1968,laure
uc1.b3466140,Omnivore,Piers Anthony,1968,laure
mdp.39015020723915,Dragonflight,Anne McCaffrey,1968,laure
mdp.39015005122851,The Pool of Fire,John Christopher,1968,laure
uc1.b2849235,Of Men and Monsters,William Tenn,1968,laure
mdp.39015017666408,Past Master,R. A. Lafferty,1968,laure
dul1.ark:/13960/t51g5w741,A Wizard of Earthsea,Ursula K. Le Guin,1968,laure
uc1.32106014303447,A Specter Is Haunting Texas,Fritz Leiber,1968,laure
inu.32000009143902,Chocky,John Wyndham,1968,laure
mdp.39015014622016,The Sword of the Dawn,Michael Moorcock,1968,laure
mdp.39015019169294,The Swords of Lankhmar,Fritz Leiber,1968,laure
mdp.39015018601388,The Last Unicorn,Peter S. Beagle,1968,laure
mdp.39015016446950,Five to Twelve,Edmund Cooper,1968,laure
uc1.32106013136855,His Master's Voice,Stanislaw Lem,1968,laure
uc1.$b404268,The Reefs of Earth,R. A. Lafferty,1968,laure
mdp.39015056814380,Dark Piper,Andre Norton,1968,laure
uc1.b4101989,Round Trip Space Ship,Louis Slobodkin,1968,laure
mdp.39015010379124,Synthajoy,D. G. Compton,1968,laure
uva.x001867006,The Fleshpots of Sansato,William F. Temple,1968,laure
mdp.39015016444567,A Private Cosmos,Philip Jos√© Farmer,1968,laure
osu.32435057545741,The Solar Invasion,Manly Wade Wellman,1968,laure
uc1.$b119162,The Touch,Daniel Keyes,1968,laure
mdp.39015061152040,The Weathermonger,Peter Dickinson,1968,laure
uc1.b4088004,The Whispering Mountain,Joan Aiken,1968,laure
mdp.39015009362032,Eyes in the Fishbowl,Zilpha Keatley Snyder,1968,laure
mdp.39076001791081,Beowulf: A New Telling,Robert Nye,1968,laure
uc1.$b792519,The Dakota Project,Jack Beeching,1968,laure
uc1.b3472671,Ten Days to Oblivion,Michael Cooney,1968,laure
uva.x030795373,Moons of Triopus,John Rankine,1968,laure
uva.x001271868,The Power of X,Arthur Sellings,1968,laure
pst.000065151617,"The Universal Baseball Association, Inc., J. Henry Waugh, Prop.",Robert Coover,1968,laure
mdp.39015069130535,The Man Inside,W. Watts Biggers,1968,laure
mdp.39015019139511,Phoenix,Richard Cowper,1968,laure
uc1.b3461789,The Sword Swallower,Ron Goulart,1968,laure
mdp.39015016440276,Tunc,Lawrence Durrell,1968,laure
mdp.39015060000224,The Diabols,R. W. Mackelworth,1968,laure
uc1.b3710891,They,Marya Mannes,1968,laure
uc1.b4397261,Horsemen from Nowhere,Alexandr Abramov & Sergei Abramov,1968,laure
mdp.39015001430548,The Ice People,Ren√© Barjavel,1968,laure
mdp.39015042556616,Ratman's Notebooks,Stephen Gilbert,1968,laure
pst.000044883515,Willard,Stephen Gilbert,1968,laure
mdp.39015012903525,Jesus Christs,A. J. Langguth,1968,laure
uc1.$b404050,The Fortec Conspiracy,Richard M. Garvin & Edmond G. Addeo,1968,laure
mdp.39015014859014,Musrum,Eric Thacker & Anthony Earnshaw,1968,laure
mdp.39015004737667,The Young Unicorns,Madeleine L'Engle,1968,laure
ppt.ssfcbz202002001039,Asylum Earth,Bruce Elliott,1968,laure
uc1.b3462208,The Inquisitor's House,Robert Somerlott,1968,laure
ppt.ssfcbz202002001127,The Spawn of the Death Machine,Ted White,1968,laure
uc1.b2845948,The Adventure of the Unique Dickensians,August Derleth,1968,laure
uc1.$b451271,Ophelia,Florence Stevenson,1968,laure
uva.x001274981,Where Were You Last Pluterday?,Paul van Herck,1968,laure
mdp.39015016450390,The Lion in the Stone,Henrietta Buckmaster,1968,laure
uc1.$b396547,The Dome,Gonner Jones,1968,laure
uc1.$b119966,Transplant,Margaret Jones,1968,laure
pst.000006412210,"The Wicked, Wicked Ladies in the Haunted House",Mary Chase,1968,laure
mdp.39015010228214,The Wicked Pigeon Ladies in the Garden,Mary Chase,1968,laure
mdp.39015008844212,62: A Model Kit,Julio Cort√°zar,1968,laure
pst.000012778430,The Curse of Rathlaw,Peter Saxon,1968,laure
uc1.b4089059,Mister Corbett's Ghost,Leon Garfield,1968,laure
uc1.$b119713,Confessions of a People Lover,Paul Ritchie,1968,laure
uc1.b3475706,The Great Leap Backward,Robert Green (I),1968,laure
pst.000033196589,Search for Silver Mountain,Kristine Brevik,1968,laure
uc1.$b800430,When the Enemy Is Tired,Russell Braddon,1968,laure
uc1.$b391277,Special Relationship,William Clark,1968,laure
mdp.39015008914940,Preserve and Protect,Allen Drury,1968,laure
uc1.b3751262,The Guilty Head,Romain Gary,1968,laure
uc1.b4451012,Billy and Betty,Twiggs Jameson,1968,laure
uc1.b3710742,Green Corn Moon,George Lanning,1968,laure
mdp.39015024086830,The Spring Rider,John Lawson (I),1968,laure
mdp.39015008717368,The Agent,David Meltzer,1968,laure
mdp.39015068640591,1993: The World of Tomorrow,Paul Orr & Violet Orr,1968,laure
uc1.b3472881,Here Before Kilroy,Su Walton,1968,laure
inu.30000114156890,UNIAD,Jay Williams,1968,laure
mdp.39015004115690,Our Next President: The Incredible Story of What Happened in the 1968 Elections,Russell Baker,1968,laure
uva.x000445664,Excerpts from the Diaries of the Late God,Anthony Towne,1968,laure
uc1.b4950787,"Crybaby of the Western World: A Novel of Petit Guignol in Long Beach, California",John Leonard,1968,laure
uc1.$b404060,The Presidential Plot,Stanley Johnson,1968,laure
uc1.b4400778,The Ill-Fated Peregrinations of Fray Servando,Reinaldo Arenas,1968,laure
mdp.39015014862265,The Story Teller,Peter Vansittart,1968,laure
uc1.32106018524279,Yellow Submarine,Max Wilk,1968,laure
ppt.ssfcbz201808000077,Great science fiction.,,1968,temple
ppt.ssfcbz201808000093,The magazine of fantasy & science fiction.,,1968,temple
ppt.ssfcbz201808000099,Thrilling science fiction.,,1968,temple
mdp.39015014493137,The Dueling Machine,Ben Bova,1969,laure
ppt.ssfcbz201710000365,Ubik,Philip K. Dick,1969,laure
mdp.39015064686804,Slaughterhouse-Five or the Children's Crusade: A Duty-Dance with Death,"Kurt Vonnegut, Jr.",1969,laure
mdp.39015013291235,The Jagged Orbit,John Brunner,1969,laure
mdp.39015001817751,Isle of the Dead,Roger Zelazny,1969,laure
inu.39000000847785,Blown or Sketches Among the Ruins of My Mind,Philip Jos√© Farmer,1969,laure
mdp.39015028917980,The Face in the Frost,John Bellairs,1969,laure
pst.000017107600,Dune Messiah,Frank Herbert,1969,laure
mdp.39015011534206,Bug Jack Barron,Norman Spinrad,1969,laure
rul.390300037536150,Barefoot in the Head,Brian Aldiss,1969,laure
mdp.39076000644620,Uncharted Stars,Andre Norton,1969,laure
mdp.39015016450267,Timescoop,John Brunner,1969,laure
osu.32435057544827,The Tenth Planet,Brett Sterling,1969,laure
mdp.39015000549371,Rogue Star,Jack Williamson & Frederik Pohl,1969,laure
uva.x000285813,The Ulcer Culture,Kenneth Bulmer,1969,laure
uc1.$b401400,"Anytime, Anywhere",Martin Caidin,1969,laure
mdp.39015008199468,Satan's World,Poul Anderson,1969,laure
ppt.ssfcbz201808000166,The Rebel Worlds,Poul Anderson,1969,laure
mdp.39015030715240,The Pollinators of Eden,John Boyd,1969,laure
mdp.39015030715935,The Rakehells of Heaven,John Boyd,1969,laure
mdp.39015020690858,The Andromeda Strain,Michael Crichton,1969,laure
uva.x000222063,Brother Berserker,Fred Saberhagen,1969,laure
mdp.39015052467530,The Left Hand of Darkness,Ursula K. Le Guin,1969,laure
mdp.39015014622024,The Runestaff,Michael Moorcock,1969,laure
ppt.ssfcbz201710000402,Behold the Man,Michael Moorcock,1969,laure
uc1.32106011945018,Lila the Werewolf,Peter S. Beagle,1969,laure
mdp.39015000549330,The Age of the Pussyfoot,Frederik Pohl,1969,laure
mdp.39015008564976,A Feast Unknown,Philip Jos√© Farmer,1969,laure
mdp.39015008806088,Across a Billion Years,Robert Silverberg,1969,laure
mdp.39015002652066,The Philosopher's Stone,Colin Wilson,1969,laure
ppt.ssfcbz201808000121,The Last Continent,Edmund Cooper,1969,laure
mdp.39015030733896,Sea Horse in the Sky,Edmund Cooper,1969,laure
uc1.32106012650088,Galactic Pot-Healer,Philip K. Dick,1969,laure
uc1.$b807553,Armed Camps,Kit Reed,1969,laure
mdp.39015030712213,To Live Again,Robert Silverberg,1969,laure
uc1.b3462022,Captive Universe,Harry Harrison,1969,laure
mdp.39015005052504,The Warlock in Spite of Himself,Christopher Stasheff,1969,laure
uc1.b3435513,The Lotus Caves,John Christopher,1969,laure
mdp.39015003629410,Damnation Alley,Roger Zelazny,1969,laure
ppt.ssfcbz201710000440,Creatures of Light and Darkness,Roger Zelazny,1969,laure
pst.000044841355,The Sixth Seal,Mary Wesley,1969,laure
ppt.ssfcbz202002001109,Nightwings,Robert Silverberg,1969,laure
uc1.b3465358,Twelve Ravens,Howard Rose,1969,laure
mdp.39015054103471,The Four-Gated City,Doris Lessing,1969,laure
uc1.32106002030846,Men Went to Cattraeth,John James,1969,laure
pst.000026090719,Charlotte Sometimes,Penelope Farmer,1969,laure
mdp.39015004306661,The Green Man,Kingsley Amis,1969,laure
mdp.39015014304078,The Flowers of Adonis,Rosemary Sutcliff,1969,laure
pst.000011893141,Bored of the Rings,Henry N. Beard & Douglas C. Kenney,1969,laure
pst.000032513851,The House on the Strand,Daphne du Maurier,1969,laure
mdp.39015005319028,The Mephisto Waltz,Fred Mustard Stewart,1969,laure
mdp.39015013397081,The Search for Delicious,Natalie Babbitt,1969,laure
mdp.39015004274349,The Edible Woman,Margaret Atwood,1969,laure
mdp.39015038929645,Ada or Ardor: A Family Chronicle,Vladimir Nabokov,1969,laure
mdp.39015002388034,Rockets in Ursa Major,Fred Hoyle & Geoffrey Hoyle,1969,laure
mdp.39015047760072,None But Man,Gordon R. Dickson,1969,laure
uc1.$b800250,The Hieros Gamos of Sam and An Smith,Josephine Saxton,1969,laure
mdp.39015010398801,Les Gu√©rill√®res,Monique Wittig,1969,laure
mdp.39015047761310,The Funco File,Burt Cole,1969,laure
ppt.ssfcbz202002001084,Prisoners of the Sky,C. C. MacApp,1969,laure
uc1.$b156304,The Drift,Lloyd Kropp,1969,laure
uc1.$b401432,Siege,Edwin Corley,1969,laure
mdp.39015002755190,The Islar: A Narrative of Lang III,Mark Saxton,1969,laure
mdp.39015002762196,Freezing Down,Anders Bodelsen,1969,laure
mdp.39015009045710,The Practical Princess,Jay Williams,1969,laure
mdp.39015038012996,The Big Win,Jimmy Miller,1969,laure
mdp.39015014516135,Horn,D. Keith Mano,1969,laure
uc1.b3724230,House on Fire,Arch Oboler,1969,laure
mdp.39015031764106,Teg's 1994: An Anticipation of the Near Future,Robert Theobald & J. M. Scott,1969,laure
mdp.39015028556739,The Black Corridor,Michael Moorcock,1969,laure
mdp.39015008820873,The Mouse on Wall Street,Leonard Wibberley,1969,laure
txu.059173005574908,Tent of Miracles,Jorge Amado,1969,laure
mdp.39015078570804,A New Voyage to the Country of the Houyhnhnms,Matthew Hodgart,1969,laure
uc1.32106008799303,Alp,William Hjortsberg,1969,laure
mdp.39015001533176,Thirty Seconds Over New York,Robert Buchard,1969,laure
mdp.39015056202339,Sexmax,Hughes Cooper,1969,laure
mdp.39015043560617,Diary of the War of the Pig,Adolfo Bioy Casares,1969,laure
mdp.39076006974351,The Black Stallion's Ghost,Walter Farley,1969,laure
mdp.39015005160836,The Change-Child,Jane Louise Curry,1969,laure
mdp.39015050056533,The City in the Egg,Michel Tremblay,1969,laure
mdp.39015066065502,Heroes & Villains,Angela Carter,1969,laure
mdp.39076006983840,Mystery of the Witch Who Wouldn't,Kin Platt,1969,laure
uc1.b3472778,Here,Maryann Forrest,1969,laure
mdp.39076006290824,The Movement,Norman Garbo,1969,laure
mdp.39015008739032,Journey Outside,Mary Q. Steele,1969,laure
mdp.39015033189427,The Walled City,Marcel Clouzot,1969,laure
mdp.39015050670739,Joko's Anniversary,Roland Topor,1969,laure
uva.x000175576,The Anthropos-Spectre-Beast,Tadeusz Konwicki,1969,laure
mdp.39015073494612,AE: The Open Persuader,Auctor Ignotus,1969,laure
uc1.b4087210,Tucker's Countryside,George Selden,1969,laure
mdp.39015005341782,If Israel Lost the War,Richard Z. Chesnoff & Edward Klein & Robert Littell,1969,laure
uc1.$b802648,The Last Man Is Out,Marvin Karlins,1969,laure
ppt.ssfcbz202002001125,Grimm's World,Vernor Vinge,1969,laure
mdp.39015014700333,Trespass,Fletcher Knebel,1969,laure
pst.000043989195,A Lion in the Meadow,Margaret Mahy,1969,laure
uc1.$b451233,The Final Amendment,Ted Perry,1969,laure
mdp.39015003387209,Mr. Atom,Theodore Pratt,1969,laure
mdp.39015053394667,"Sons of Darkness, Sons of Light: A Novel of Some Probability",John A. Williams,1969,laure
pst.000005648139,Chuck,Carl Sterland,1969,laure
ucbk.ark:/28722/h2xg9g04g,Don Camillo Meets the Flower Children,Giovanni Guareschi,1969,laure
inu.32000009356900,Afro-6,Hank Lopez,1969,laure
uc1.$b389808,Edens Lost,Sumner Locke Elliott,1969,laure
mdp.39015014137445,Sight Unseen,Audrey Erskine Lindop,1969,laure
mdp.39015011375733,Sara's Granny and the Groodle,Joan Gill,1969,laure
mdp.39076000416102,Rip van Winkle,Elizabeth Gant & Katherine Gant,1969,laure
uva.x000952880,The Bell of Nendrum,J. S. Andrews,1969,laure
ppt.ssfcbz201710000367,The preserving machine / by Philip K. Dick.,"Dick, Philip K.",1969,temple
ppt.ssfcbz201808000102,Thrilling science fiction.,,1969,temple
ppt.ssfcbz202002001067,Phoenix Ship,Walt and Leigh Richmond,1969,temple
ppt.ssfcbz202002001067,Earthrim,Nick Kamin,1969,temple
ppt.ssfcbz202002001110,Dark stars / edited by Robert Silverberg.,,1969,temple
ppt.ssfcbz202002001118,Fear That Man,Dean R. Koontz,1969,temple
ppt.ssfcbz202002001118,Toyman,E. C. Tubb,1969,temple
mdp.39015020704832,Time and Again,Jack Finney,1970,laure
mdp.39015005648749,The Year of the Quiet Sun,Wilson Tucker,1970,laure
mdp.39015012203447,A Maze of Death,Philip K. Dick,1970,laure
pur1.32754074716550,Tower of Glass,Robert Silverberg,1970,laure
mdp.39015011886747,Tau Zero,Poul Anderson,1970,laure
pst.000012674534,The Steel Crocodile,D. G. Compton,1970,laure
mdp.39015011556043,The Stainless Steel Rat's Revenge,Harry Harrison,1970,laure
mdp.49015000722596,Ringworld,Larry Niven,1970,laure
mdp.39015024847801,Red Moon and Black Mountain: The End of the House of Kendreth,Joy Chant,1970,laure
mdp.39015010919192,Nine Princes in Amber,Roger Zelazny,1970,laure
mdp.39015010299744,Whipping Star,Frank Herbert,1970,laure
mdp.39015002756073,And Chaos Died,Joanna Russ,1970,laure
mdp.49015000686452,After Things Fell Apart,Ron Goulart,1970,laure
mdp.39015000622822,I Will Fear No Evil,Robert A. Heinlein,1970,laure
uc1.b3451746,The House in November,Keith Laumer,1970,laure
uva.x000064813,Time Trap,Keith Laumer,1970,laure
pst.000021387128,Hour of the Horde,Gordon R. Dickson,1970,laure
ppt.ssfcbz201808000118,Anti-Man,Dean R. Koontz,1970,laure
mdp.39015005392975,The Winds of Darkover,Marion Zimmer Bradley,1970,laure
uc1.b4088181,The Prince in Waiting,John Christopher,1970,laure
uva.x000368040,The Organ Bank Farm,John Boyd,1970,laure
mdp.39015030715232,Sex and the High Command,John Boyd,1970,laure
mdp.39015028751777,The Marvelous Misadventures of Sebastian,Lloyd Alexander,1970,laure
mdp.39015046378827,This Perfect Day,Ira Levin,1970,laure
mdp.39015033375596,The Overlords of War,G√©rard Klein,1970,laure
ppt.ssfcbz202002001112,The M√ºller-Fokker Effect,John Sladek,1970,laure
ien.35556011826724,Changeover,Diana Wynne Jones,1970,laure
uva.x000461275,Jonathan Livingston Seagull,Richard Bach,1970,laure
mdp.39015009382261,The Crystal Cave,Mary Stewart,1970,laure
mdp.39015005151520,Kronk,Edmund Cooper,1970,laure
mdp.39015011821223,Enchantress from the Stars,Sylvia Louise Engdahl,1970,laure
mdp.39015020741065,Our Friends from Frolix 8,Philip K. Dick,1970,laure
ppt.ssfcbz201808000176,Alien Island,T. L. Sherred,1970,laure
mdp.39015066681423,Ice Crown,Andre Norton,1970,laure
mdp.39015013128650,Lord Tyger,Philip Jos√© Farmer,1970,laure
mdp.39015047768984,The Stone God Awakens,Philip Jos√© Farmer,1970,laure
pst.000063459357,Vital Parts,Thomas Berger (1924-2014),1970,laure
ppt.ssfcbz201808000197,The E.S.P. Worm,Piers Anthony & Robert Margroff,1970,laure
uc1.b3462023,The Daleth Effect,Harry Harrison,1970,laure
pst.000018452310,The Guardians,John Christopher,1970,laure
mdp.39015002734229,Flats,Rudolph Wurlitzer,1970,laure
uc1.b3463281,The Methuselah Enzyme,Fred Mustard Stewart,1970,laure
mdp.39015002152802,The Changeling,Zilpha Keatley Snyder,1970,laure
mdp.39015047430874,Out of Their Minds,Clifford D. Simak,1970,laure
mdp.39015028563511,The Witch's Brat,Rosemary Sutcliff,1970,laure
wu.89041953654,The Gods of Foxcroft,David Levy,1970,laure
ppt.ssfcbz202002001088,Matrix,Douglas R. Mason,1970,laure
mdp.39015005095487,The Trumpet of the Swan,E. B. White,1970,laure
mdp.39015015386355,Quest for the Future,A. E. van Vogt,1970,laure
uva.x000842851,Alien from the Stars,Jeff Sutton & Jean Sutton,1970,laure
ppt.ssfcbz201808000139,Six-Gun Planet,John Jakes,1970,laure
ppt.ssfcbz201808000172,The Fire-Eater,Ron Goulart,1970,laure
ppt.ssfcbz201710000413,The Indians Won,Martin Smith (I),1970,laure
uc1.32106017384469,The Indians Won,Martin Cruz Smith,1970,laure
mdp.39015031309118,Year of the Cloud,Kate Wilhelm & Ted Thomas,1970,laure
uc1.$b808979,The Simultaneous Man,Ralph Blum,1970,laure
ppt.ssfcbz201808000148,Time Rogue,Leo P. Kelley,1970,laure
mdp.39076006287291,The Troika Incident,James Cooke Brown,1970,laure
mdp.39015030706512,1989: Population Doomsday,Don Pendleton,1970,laure
ppt.ssfcbz202002001096,The Earth Is Near,Ludek Pesek,1970,laure
ppt.ssfcbz201710000427,The Day After Doomsday: A Fantasy of Time Travel,Rena M. Vale,1970,laure
mdp.39015020676683,Dance the Eagle to Sleep,Marge Piercy,1970,laure
ppt.ssfcbz202002001069,The Accidental Earth,Leo P. Kelley,1970,laure
wu.89008550568,Data for Death,Johannes Allen,1970,laure
mdp.39015011322057,The Possession of Joel Delaney,Ramona Stewart,1970,laure
mdp.39015010342742,Seven Serpents & Seven Moons,Demetrio Aguilera-Malta,1970,laure
mdp.39015057659487,Five Roads to Tlen,"William J. Lambert, III",1970,laure
pst.000005748013,Robinson Christopher,Sherman A. Noyes,1970,laure
uc1.b4088028,The Daybreakers,Jane Louise Curry,1970,laure
uc1.b3477978,The Devil's Churchyard,Godfrey Turton,1970,laure
uc1.b3477969,The Snow-White Soliloquies,Sheila MacLeod,1970,laure
mdp.39015073495635,2069+1,Larry Townsend,1970,laure
mdp.39015073495627,2069+2,Larry Townsend,1970,laure
mdp.39015003676635,Intensive Care,Janet Frame,1970,laure
uc1.32106011412720,The Hedonists,Colin Wilson,1970,laure
uc1.$b396636,The Meddlers,Claire Rayner,1970,laure
mdp.39015000542301,The President,Drew Pearson,1970,laure
mdp.39015012117514,The God Beneath the Sea,Leon Garfield & Edward Blishen,1970,laure
uc1.$b803216,"Philip, the Draftsman",F. X. J. Coleman,1970,laure
mdp.39015022197837,The Rape of Tamar,Dan Jacobson,1970,laure
pst.000067843213,The Third Body,H√©l√®ne Cixous,1970,laure
mdp.39015061468180,E Pluribus Bang!,David Lippincott,1970,laure
mdp.39015008881776,Mia,Robert Nathan,1970,laure
uc1.$b703668,All Men Are Mad,Phillippe Thoby-Marcelin & Pierre Marcelin,1970,laure
mdp.39015055105608,666,Salem Kirban,1970,laure
uc1.b3462054,The Push-Button Spy,Leigh James,1970,laure
uc1.b3477962,The Bedsitting Room,Spike Milligan & John Antrobus,1970,laure
mdp.39015004714468,Magic at Wychwood,Sally Watson,1970,laure
uc1.b3435546,Fergus,Brian Moore,1970,laure
ppt.ssfcbz201710000405,Nightmare age / edited by Frederik Pohl.,,1970,temple
ppt.ssfcbz201808000064,Best SF: 1969 / edited by Harry Harrison and Brian W. Aldiss.,,1970,temple
ppt.ssfcbz201808000084,Quark.,,1970,temple
ppt.ssfcbz201808000085,Space adventures.,,1970,temple
ppt.ssfcbz201808000114,World Without Children,Damon Knight,1970,temple
ppt.ssfcbz201808000114,The Earth Quarter,Damon Knight,1970,temple
ppt.ssfcbz202002001004,The Gates of Time,"Neal Barrett, Jr.",1970,temple
ppt.ssfcbz202002001004,Dwellers of the Deep,K.M. O'Donnell,1970,temple
ppt.ssfcbz202002001007,Mask of Chaos,John Jakes,1970,temple
ppt.ssfcbz202002001007,The Star Virus,Barrington J. Bayley,1970,temple
ppt.ssfcbz202002001020,Science against man / edited by Anthony Cheetham.,,1970,temple
ppt.ssfcbz202002001094,Daughters of Earth : three novels / by Judith Merril.,"Merril, Judith, 1923-1997",1970,temple
ppt.ssfcbz202002001115,The last hurrah of the Golden Horde / Norman Spinrad.,"Spinrad, Norman",1970,temple
mdp.39015019357808,The Flying Sorcerers,Larry Niven & David Gerrold,1971,laure
mdp.39015020695519,To Your Scattered Bodies Go,Philip Jos√© Farmer,1971,laure
mdp.39015011820761,Tactics of Mistake,Gordon R. Dickson,1971,laure
uc1.31210018345072,The Forest of Forever,Thomas Burnett Swann,1971,laure
mdp.39015008469945,The Fabulous Riverboat,Philip Jos√© Farmer,1971,laure
mdp.39015020724129,Dragonquest,Anne McCaffrey,1971,laure
mdp.39015000535859,The Third Ear,Curt Siodmak,1971,laure
ppt.ssfcbz201808000162,The Byworlder,Poul Anderson,1971,laure
mdp.39015010912247,The Book of Skulls,Robert Silverberg,1971,laure
uva.x000313359,Retief's Ransom,Keith Laumer,1971,laure
mdp.39015031213609,The Wrong End of Time,John Brunner,1971,laure
ppt.ssfcbz201808000143,The Insane City,Kenneth Bulmer,1971,laure
uva.x000333871,The Purloined Prince,Ian Wallace,1971,laure
mdp.39015046834316,The Children of Llyr,Evangeline Walton,1971,laure
mdp.39015046831460,Orn,Piers Anthony,1971,laure
mdp.39015004663087,Operation Chaos,Poul Anderson,1971,laure
mdp.39015011024588,The Dancer from Atlantis,Poul Anderson,1971,laure
mdp.39015008801824,A Cure for Cancer,Michael Moorcock,1971,laure
uc1.31210006027294,The Mask of Circe,Henry Kuttner,1971,laure
ppt.ssfcbz201808000141,The Mind Behind the Eye,Joseph Green,1971,laure
uc1.$b404260,The Devil Is Dead,R. A. Lafferty,1971,laure
mdp.39015009375299,The Tombs of Atuan,Ursula K. Le Guin,1971,laure
mdp.39015002289877,The Lathe of Heaven,Ursula K. Le Guin,1971,laure
mdp.39015022223617,The Warlord of the Air,Michael Moorcock,1971,laure
mdp.39015034646342,Grendel,John Gardner,1971,laure
mdp.39015011725648,The Tsaddik of the Seven Wonders,Isidore Haiblum,1971,laure
uc1.b4447026,The Shores of Another Sea,Chad Oliver,1971,laure
mdp.39076001173686,The Far Side of Evil,Sylvia Engdahl,1971,laure
ppt.ssfcbz201808000149,Pstalemate,Lester del Rey,1971,laure
mdp.39015046398726,The Futurological Congress,Stanis≈Çaw Lem,1971,laure
mdp.39015030708724,Android at Arms,Andre Norton,1971,laure
ppt.ssfcbz202002001059,The Pastel City,M. John Harrison,1971,laure
mdp.39015047768992,The Wind Whales of Ishmael,Philip Jos√© Farmer,1971,laure
pst.000022953056,Andra,Louise Lawrence,1971,laure
mdp.39015063174026,Prostho Plus,Piers Anthony,1971,laure
uc1.b4098578,The Headless Cupid,Zilpha Keatley Snyder,1971,laure
mdp.39015011320770,The Cuckoo Tree,Joan Aiken,1971,laure
mdp.39015005658656,Travels in Nihilon,Alan Sillitoe,1971,laure
mdp.39015051851726,Another Roadside Attraction,Tom Robbins,1971,laure
mdp.39015000606932,Head to Toe,Joe Orton,1971,laure
mdp.39015004174259,Mrs. Frisby and the Rats of NIMH,Robert C. O'Brien,1971,laure
uiug.30112117173531,The Committed Men,M. John Harrison,1971,laure
mdp.39015008471131,Prisoners of Power,Arkady Strugatsky & Boris Strugatsky,1971,laure
mdp.39015021939601,The Boy Who Had the Power,Jeff Sutton & Jean Sutton,1971,laure
ppt.ssfcbz202002001052,Cold War in a Country Garden,Lindsay Gutteridge,1971,laure
mdp.39015030712197,Destiny Doll,Clifford D. Simak,1971,laure
mdp.39015021494060,The Other,Thomas Tryon,1971,laure
mdp.39015048927233,Being There,Jerzy Kosinski,1971,laure
mdp.39015002824400,Briefing for a Descent Into Hell,Doris Lessing,1971,laure
uc1.$b451633,Meeting the Bear: Journal of the Black Wars,Lloyd Zimpel,1971,laure
mdp.39015013518785,Gray Matters,William Hjortsberg,1971,laure
mdp.39015057013834,Martyr,Brian R. Utley,1971,laure
mdp.39015008159397,The Day After Judgment,James Blish,1971,laure
ppt.ssfcbz201808000186,Pig World,Charles W. Runyon,1971,laure
mdp.39015008912571,The Edict,Max Ehrlich,1971,laure
mdp.39015000542467,Mutant 59: The Plastic Eaters,Gerry Davis & Kit Pedler,1971,laure
mdp.39015002750662,The Sword of the Golem,Abraham Rothberg,1971,laure
uc1.32106002167432,The Fall of New York,Miles Donis,1971,laure
inu.32000009247026,Wintersol,Eric Thacker & Anthony Earnshaw,1971,laure
mdp.39015051364977,The Late Great Creature,Brock Brower,1971,laure
uc1.32106018249240,The Kin of Ata Are Waiting for You,Dorothy Bryant,1971,laure
uc1.32106011412746,The Black Room,Colin Wilson,1971,laure
mdp.39015014582707,The Truth About Dragons: An Anti-Romance,Hazard Adams,1971,laure
uva.x000286118,Moonbase One,Raymond F. Jones,1971,laure
uc1.$b396602,The Trial of Christopher Okigbo,Ali A. Mazrui,1971,laure
mdp.39015031763769,The Throne of Saturn,Allen Drury,1971,laure
mdp.39015013007292,The Vertical Smile,Richard Condon,1971,laure
mdp.39015009106603,The King's Fountain,Lloyd Alexander,1971,laure
mdp.39015073377585,Demon's Coronation,"William J. Lambert, III",1971,laure
pst.000002669250,Short Visit to Ergon,E. M. Osborn,1971,laure
uiug.30112001473534,The Trudeau Papers,Ian Adams,1971,laure
uc1.32106005911463,2150 A.D.,Thea Alexander,1971,laure
mdp.39015033171003,Desperate Games,Pierre Boulle,1971,laure
mdp.39015004777192,The Shrinking of Treehorn,Florence Parry Heide,1971,laure
uva.x000489993,Drustan the Wanderer,Anna Taylor,1971,laure
mdp.39015016886007,Defiance: An American Novel,Oliver Lange,1971,laure
uc1.$b135528,Snoggle: A Story for Anybody Between 9 and 90,J. B. Priestley,1971,laure
uc1.$b794292,The Feast of the Wolf,Thomas Blackburn,1971,laure
mdp.39015061139401,The Satanic Mill,Otfried Preussler,1971,laure
uc1.b4422520,The Cloud Chamber,Dexter Masters,1971,laure
inu.39000003788895,Smith's Dream,C. K. Stead,1971,laure
wu.89052876588,Days with Diam: or Life at Night,Svend √Öge Madsen,1971,laure
mdp.39015030751237,Ends,James Hughes,1971,laure
uc1.32106002117858,Nobody Knew They Were There,Evan Hunter,1971,laure
mdp.39015024086665,The Master of Miracle: A New Novel of the Golem,Sulamith Ish-Kishor,1971,laure
uva.x000498819,The Hermit,T. Lobsang Rampa,1971,laure
mdp.39015022199999,The Elixir,Robert Nathan,1971,laure
uc1.b4365435,Last Rites,Perry Michael Smith,1971,laure
uc1.$b805582,The Rose Rabbi,Daniel Stern,1971,laure
mdp.39015002759002,On Instructions of My Government,Pierre Salinger,1971,laure
mdp.39015002247164,Our Gang (Starring Tricky and His Friends),Philip Roth,1971,laure
uva.x030796214,The Waters of Aswan: Preconstruction of a Disaster,Michael Heim,1971,laure
mdp.39015012931187,The Bishop and the Devil,Ian Serraillier,1971,laure
txu.059173022945019,Blessings from Above,Arthur Tenorio,1971,laure
mdp.39015061466861,Gypsy in Amber,Martin Smith (I),1971,laure
ppt.ssfcbz201710000344,Driftglass / by Samuel R. Delaney,"Delany, Samuel R.",1971,temple
ppt.ssfcbz201808000120,The universe makers; science fiction today / by Donald A. Wollheim.,"Wollheim, Donald A.",1971,temple
ppt.ssfcbz202002001019,The Hunters of Jundagai,Kenneth Bulmer,1971,temple
ppt.ssfcbz202002001019,Project Jove,John Glasby,1971,temple
ppt.ssfcbz202002001066,Dark Planet,John Rackham,1971,temple
ppt.ssfcbz202002001066,The Herod Men,Nick Kamin,1971,temple
ppt.ssfcbz202002001111,The science fiction bestiary : nine stories of science fiction / edited by Robert Silverberg.,"Silverberg, Robert.",1971,temple
uva.x000277123,Flight of Exiles,Ben Bova,1972,laure
ppt.ssfcbz201808000116,Yesterday's Children,David Gerrold,1972,laure
mdp.39015008838560,The Godmakers,Frank Herbert,1972,laure
mdp.39015000654106,When Harlie Was One,David Gerrold,1972,laure
mdp.39015022652468,What Entropy Means to Me,Geo. Alec Effinger,1972,laure
mdp.39015020735745,Watership Down,Richard Adams,1972,laure
mdp.39015002154931,There Will Be Time,Poul Anderson,1972,laure
mdp.39015019165045,The Sheep Look Up,John Brunner,1972,laure
mdp.39015008587365,The Iron Dream,Norman Spinrad,1972,laure
inu.39000003775389,The Halloween Tree,Ray Bradbury,1972,laure
mdp.39015008727912,The Guns of Avalon,Roger Zelazny,1972,laure
mdp.39015020729649,The Gods Themselves,Isaac Asimov,1972,laure
mdp.39015008597224,The Fifth Head of Cerberus,Gene Wolfe,1972,laure
mdp.39015015390787,A Choice of Gods,Clifford D. Simak,1972,laure
pst.000050321674,The Crystal Gryphon,Andre Norton,1972,laure
mdp.39015005587061,The Dramaturges of Yan,John Brunner,1972,laure
mdp.39015008563424,The Tar-Aiym Krang,Alan Dean Foster,1972,laure
mdp.39015030150778,The End of the Dream,Philip Wylie,1972,laure
ppt.ssfcbz201808000117,A Darkness in My Soul,Dean R. Koontz,1972,laure
ppt.ssfcbz201808000119,Warlock,Dean R. Koontz,1972,laure
mdp.39015056891206,On the Symb-Socket Circuit,Kenneth Bulmer,1972,laure
ppt.ssfcbz201808000194,Empire of Two Worlds,Barrington J. Bayley,1972,laure
uva.x000618893,The Light That Never Was,"Lloyd Biggle, Jr.",1972,laure
mdp.39015013408599,The Song of Rhiannon,Evangeline Walton,1972,laure
ppt.ssfcbz201808000133,The Suiciders,J. T. McIntosh,1972,laure
mdp.39015013497337,Darkover Landfall,Marion Zimmer Bradley,1972,laure
mdp.39015011288076,Elric of Melnibon√©,Michael Moorcock,1972,laure
mdp.39015005169670,An Alien Heat,Michael Moorcock,1972,laure
pst.000011604587,The Terminal Man,Michael Crichton,1972,laure
pst.000033592794,Charlie and the Great Glass Elevator,Roald Dahl,1972,laure
inu.30000114180932,Conscience Interplanetary,Joseph Green,1972,laure
mdp.39015062119923,The Farthest Shore,Ursula K. Le Guin,1972,laure
uc1.32106014947151,The Farthest Shore,Ursula Le Guin,1972,laure
mdp.39015012309137,Breakfast in the Ruins: A Novel of Inhumanity,Michael Moorcock,1972,laure
inu.30000082136767,The Stepford Wives,Ira Levin,1972,laure
ppt.ssfcbz201808000111,Patterns of Chaos,Colin Kapp,1972,laure
ppt.ssfcbz201710000366,We Can Build You,Philip K. Dick,1972,laure
mdp.39015029482273,The Infernal Desire Machines of Doctor Hoffman,Angela Carter,1972,laure
mdp.39015022202728,Time's Last Gift,Philip Jos√© Farmer,1972,laure
mdp.39015005556777,Tarzan Alive: A Definitive Biography of Lord Greystoke,Philip Jos√© Farmer,1972,laure
mdp.39015053608470,Clone,Richard Cowper,1972,laure
inu.30000007095734,The Stainless Steel Rat Saves the World,Harry Harrison,1972,laure
mdp.39015002136904,The Witches of Worm,Zilpha Keatley Snyder,1972,laure
mdp.39015009366736,The Sunbird,Wilbur Smith,1972,laure
mdp.39015066065445,"Edwin Mullhouse: The Life and Death of an American Writer, 1943-1954, by Jeffrey Cartwright",Steven Millhauser,1972,laure
uc1.b4950766,The Prince,R. M. Koster,1972,laure
uva.x001489324,The Flesheaters,David Ireland,1972,laure
mdp.39015052394676,Rule Britannia,Daphne du Maurier,1972,laure
mdp.39015004194851,Midsummer Century,James Blish,1972,laure
uc1.32106001607370,The Ugly Swans,Arkady Strugatsky & Boris Strugatsky,1972,laure
uva.x000270728,Change Song,Lee Hoffman,1972,laure
mdp.39015008639851,Tunnel Through the Deeps,Harry Harrison,1972,laure
pst.000043827015,The Vision of Stephen,Lolah Burford,1972,laure
mdp.39015002157272,The Word for World Is Forest,Ursula K. Le Guin,1972,laure
mdp.39015024084710,The Mountain of Truth,Dale Carlson,1972,laure
mdp.39015064061685,End Zone,Don DeLillo,1972,laure
inu.32000009545106,Kuldesak,Richard Cowper,1972,laure
mdp.39015031213575,The Stardroppers,John Brunner,1972,laure
ppt.ssfcbz201808000175,Time Story,Stuart Gordon,1972,laure
ppt.ssfcbz201710000385,Wildsmith,Ron Goulart,1972,laure
ppt.ssfcbz201808000152,The City Machine,Louis Trimble,1972,laure
uiug.30112001322053,The Lord's Pink Ocean,David Walker,1972,laure
mdp.39015058254833,Bumsider,C. C. MacApp,1972,laure
mdp.39015061153022,Cybernia,Lou Cameron,1972,laure
mdp.39015050156861,Roadside Picnic,Arkady Strugatsky & Boris Strugatsky,1972,laure
mdp.39015016880570,Dear Illusion,Kingsley Amis,1972,laure
mdp.39015004158203,Captain Blackman,John A. Williams,1972,laure
inu.30000003139429,The Man Who Liked Women,Marc Brandel,1972,laure
mdp.39015000676802,A Report from Group 17,Robert C. O'Brien,1972,laure
ppt.ssfcbz201808000147,Mindmix,Leo P. Kelley,1972,laure
uc1.32106007559054,The Awdrey-Gore Legacy,Edward Gorey,1972,laure
mdp.39015005896322,Invisible Cities,Italo Calvino,1972,laure
uc1.b3451652,Triage,Leonard C. Lewin,1972,laure
mdp.39015041834006,Magog,Andrew Sinclair,1972,laure
mdp.39015002734344,Quake,Rudolph Wurlitzer,1972,laure
uc1.32106006501321,Hermes 3000,William Kotzwinkle,1972,laure
mdp.39015008208343,The Four Donkeys,Lloyd Alexander,1972,laure
uva.x000238464,Oedipus in Disneyland: Queen Victoria's Reincarnation As Superman,Hercules Molloy,1972,laure
mdp.39015011022830,The Marrow of the World,Ruth Nichols,1972,laure
mdp.39015046460583,The Breast,Philip Roth,1972,laure
mdp.39015002335092,Malevil,Robert Merle,1972,laure
wu.89035431774,If Britain Had Fallen,Norman Longmate,1972,laure
uc1.b4361924,"Ashes, Ashes, We All Fall Down",Irene Schram,1972,laure
uc1.32106011105001,The One-Man Army,Moacyr Scliar,1972,laure
uc1.b4951138,The Glory of Hera,Caroline Gordon,1972,laure
uc1.b3866263,Exploring New Ethics for Survival: The Voyage of the Spaceship Beagle,Garrett Hardin,1972,laure
inu.39000001614523,Dragon Under the Hill,Gordon Honeycombe,1972,laure
uc1.32106008820208,An Occurrence At Norman's Burger Castle,James D. Houston,1972,laure
mdp.39076001494314,The Haunted Mountain,Mollie Hunter,1972,laure
uc1.32106013676264,Saw,Steve Katz,1972,laure
pst.000011229322,Through the Earth,Clement Fezandi√©,1972,laure
inu.30000114176104,This Suitcase Is Going to Explode,Tom Ardies,1972,laure
mdp.39015000515224,Motorman,David Ohle,1972,laure
mdp.39015010749243,Magnifi-Cat,Carolyn Sheehan & Edmund Sheehan,1972,laure
mdp.39015011333385,Looking Forward to 1999,Louis Shores,1972,laure
pst.000053743145,Between Time and Timbuktu or Prometheus-5,"Kurt Vonnegut, Jr.",1972,laure
uc1.b3451697,Students of the Light: An Educational Odyssey,John Mann,1972,laure
uiug.30112002886759,The Second Coming,Thom Keyes,1972,laure
uc1.b3175404,The Tale of Don l'Orignal,Antonine Maillet,1972,laure
uc1.32106000777950,Golf in the Kingdom,Michael Murphy,1972,laure
uc1.32106009437333,Promised Land,Karel Schoeman,1972,laure
uc1.32106002188073,Canto for a Gypsy,Martin Smith (I),1972,laure
uc1.b4365411,The Case History of Comrade V.,James Park Sloan,1972,laure
mdp.39015005254274,The Sweet Taste of Burning,Paul Andr√©ota,1972,laure
ppt.ssfcbz202002001036,The ruins of earth : an anthology of stories of the immediate future / edited by Thomas M. Disch.,,1972,temple
mdp.39015019954166,Ardor on Aros,Andrew J. Offutt,1973,laure
mdp.39015001817652,Today We Choose Faces,Roger Zelazny,1973,laure
mdp.39015014285210,To Die in Italbar,Roger Zelazny,1973,laure
uc1.32106010984570,Time Enough for Love: The Lives of Lazarus Long,Robert A. Heinlein,1973,laure
mdp.39015045637462,Breakfast of Champions,"Kurt Vonnegut, Jr.",1973,laure
uc1.32106012964117,Rendezvous with Rama,Arthur C. Clarke,1973,laure
mdp.49015000682998,The Man Who Folded Himself,David Gerrold,1973,laure
mdp.39015012412915,A Spaceship for the King,Jerry Pournelle,1973,laure
mdp.39015032019336,Traitor to the Living,Philip Jos√© Farmer,1973,laure
mdp.39015001749277,Hiero's Journey,Sterling E. Lanier,1973,laure
mdp.39015001537060,Hellstrom's Hive,Frank Herbert,1973,laure
mdp.39015066065254,Gravity's Rainbow,Thomas Pynchon,1973,laure
uc1.32106002023809,Frankenstein Unbound,Brian W. Aldiss,1973,laure
mdp.39015025116180,The Embedding,Ian Watson,1973,laure
mdp.39015019776312,Forerunner Foray,Andre Norton,1973,laure
mdp.39015056262788,Syzygy,Michael G. Coney,1973,laure
ppt.ssfcbz202002001026,Friends Come in Boxes,Michael G. Coney,1973,laure
pst.000068121068,Crash,J. G. Ballard,1973,laure
pst.000006253226,The Box Man,K≈çb≈ç Abe,1973,laure
mdp.39015005543049,The R-Master,Gordon R. Dickson,1973,laure
ppt.ssfcbz201710000393,Demon Seed,Dean R. Koontz,1973,laure
ppt.ssfcbz202002001072,The Haunted Earth,Dean R. Koontz,1973,laure
mdp.39015030842424,The Suns of Scorpio,Alan Burt Akers,1973,laure
mdp.39015019388431,Cage a Man,F. M. Busby,1973,laure
mdp.39015048691268,Operation Nuke,Martin Caidin,1973,laure
uva.x000450298,Sky Pirates of Callisto,Lin Carter,1973,laure
mdp.39015050979387,Pan Sagittarius,Ian Wallace,1973,laure
mdp.39015056818076,The Book of Rack the Healer,Zach Hughes,1973,laure
mdp.39015048902632,The Men Inside,Barry N. Malzberg,1973,laure
mdp.39015005474112,The Cat Who Wished to Be a Man,Lloyd Alexander,1973,laure
mdp.39015030734597,The Book of Paradox,Louise Cooper,1973,laure
mdp.39076001176655,A Wind in the Door,Madeleine L'Engle,1973,laure
ppt.ssfcbz202002001029,The Cloud Walker,Edmund Cooper,1973,laure
mdp.39015040105747,The Princess Bride,William Goldman,1973,laure
mdp.39015013291227,The Stone That Never Came Down,John Brunner,1973,laure
mdp.39015019978306,At the Narrow Passage,Richard C. Meredith,1973,laure
mdp.39015018620875,Cemetery World,Clifford D. Simak,1973,laure
uc1.32106013093742,Great Jones Street,Don DeLillo,1973,laure
mdp.39015022202736,The Other Log of Phileas Fogg,Philip Jos√© Farmer,1973,laure
mdp.39076002642440,Race Against Time,Piers Anthony,1973,laure
pst.000066172635,The Gift,Peter Dickinson,1973,laure
pst.000057208541,The House with a Clock in Its Walls,John Bellairs,1973,laure
uc1.32106005749269,Harvest Home,Thomas Tryon,1973,laure
mdp.39015002581497,Witch,Barbara Michaels,1973,laure
mdp.39015005136414,The Ghost of Thomas Kempe,Penelope Lively,1973,laure
mdp.39076006976737,The Dark Is Rising,Susan Cooper,1973,laure
mdp.49015002475193,For Want of a Nail: If Burgoyne Had Won at Saratoga,Robert Sobel,1973,laure
mdp.39015003687012,Joshua: Son of None,Nancy Freedman,1973,laure
ppt.ssfcbz202002001053,The Return,Isidore Haiblum,1973,laure
ppt.ssfcbz201808000173,The Tin Angel,Ron Goulart,1973,laure
uc1.b4088070,The Court of the Stone Children,Eleanor Cameron,1973,laure
mdp.39015018648389,The Lion of Boaz-Jachin and Jachin-Boaz,Russell Hoban,1973,laure
mdp.39015014515749,The Victorian Album,Evelyn Berckman,1973,laure
uc1.32106002161229,Regiment of Women,Thomas Berger (1924-2014),1973,laure
mdp.39015053628916,The Immortals,Ren√© Barjavel,1973,laure
uc1.b3965309,Ultimatum,Richard Rohmer,1973,laure
mdp.39015051177718,The Inferno,Fred Hoyle & Geoffrey Hoyle,1973,laure
mdp.39015024079314,The Hephaestus Plague,Thomas Page,1973,laure
uc1.b4951655,The Man Who Lived in Inner Space,Arnold Federbush,1973,laure
inu.30000114173879,Down Bound Train,Bill Garnett,1973,laure
uva.x000756102,The Lerios Mecca,Gene Lancour,1973,laure
uc1.32106005010043,Port of Saints,William S. Burroughs,1973,laure
mdp.39015054080638,Momo,Michael Ende,1973,laure
uc1.b4463824,The Bridge,D. Keith Mano,1973,laure
mdp.39015030711041,Tiger Rag,Kit Reed,1973,laure
uc1.b4357837,Mindfogger,Michael Rogers,1973,laure
mdp.39015046463462,The Castle of Crossed Destinies,Italo Calvino,1973,laure
mdp.39015037830539,Learning Processes with a Deadly Outcome,Alexander Kluge,1973,laure
mdp.39015013517852,Symbiography,William Hjortsberg,1973,laure
pst.000045361692,The Brothers Lionheart,Astrid Lindgren,1973,laure
mdp.39015012164540,The Towers of February,Tonke Dragt,1973,laure
inu.30000093039224,The Rain Goddess,Peter Stiff,1973,laure
mdp.39015000552284,Sweet Dreams,Michael Frayn,1973,laure
uva.x000527935,Japan Sinks,Sakyo Komatsu,1973,laure
mdp.39015005377505,The Animal Doctor,P. C. Jersild,1973,laure
inu.39000003395626,The Giants,J. M. G. Le Cl√©zio,1973,laure
uva.x001123604,Hostage,Colin Mason,1973,laure
inu.32000006731154,How It All Ended. The Decline and Demise of the West As Reconstructed by Johann Sebastian Barberini in the Year of Our Lord 4776,Sergio Funaro,1973,laure
mdp.39015003681197,Jason and Medeia,John Gardner,1973,laure
mdp.39015002743329,Left On!: The Glorious Bourgeois Cultural Revolution,Harry Rositzke,1973,laure
mdp.39015033188643,The Birth of an Island,Fran√ßois Cl√©ment,1973,laure
mdp.39015008461330,The Camp of the Saints,Jean Raspail,1973,laure
mdp.39076000644695,The Remarkable Journey of Gustavus Bell,Gloria Skurzynski,1973,laure
uc1.32106002024120,The Finger and the Moon,Geoffrey Ashe,1973,laure
pst.000049267532,Crusade in Jeans,Thea Beckman,1973,laure
mdp.39015030372927,The Enchanters,Romain Gary,1973,laure
wu.89046623708,The Man Who Wanted to be Guilty,Henrik Stangerup,1973,laure
mdp.39015030703824,Urban the Ninth,Bruce Marshall,1973,laure
mdp.39015024855283,The Summer Meadows,Robert Nathan,1973,laure
txu.059173023656549,The Devil and Juan Pistolas,Madigan Piruli,1973,laure
mdp.39015031241113,The Wonder-Worker,Dan Jacobson,1973,laure
pst.000033055275,The Genie of Sutton Place,George Selden,1973,laure
mdp.39015000576820,The Hothouse by the East River,Muriel Spark,1973,laure
mdp.39015030714847,The Tooth Merchant,C. L. Sulzberger,1973,laure
mdp.39015050923211,The Time of the Crack,Emma Tennant,1973,laure
mdp.49015002399633,"Moe Q. McGlutch, He Smoked Too Much",Ellen Raskin,1973,laure
uc1.b4311748,Return from No-Return: A Paraphysical Novel,Dane Rudhyar,1973,laure
uva.x030787972,Rania: An Epic Narrative,Dane Rudhyar,1973,laure
uc1.b3452877,President McGovern's First Term,Nicholas Max,1973,laure
mdp.39015076830358,Coal Black and the Seven Dudes,Kermit T. Mehlinger,1973,laure
uiug.30112002547146,The Wabeno Feast,Wayland Drew,1973,laure
uc1.$b389746,"A Work of Imagination: The Pen, the Brush, the Well",Ronald Fraser,1973,laure
mdp.39015014331311,Borrower of the Night,Elizabeth Peters,1973,laure
mdp.39015030712106,The Peacock Papers,Leo Simpson,1973,laure
ppt.ssfcbz201808000035,Best science fiction stories of the year.,,1973,temple
ppt.ssfcbz201808000052,The best science fiction of the year.,,1973,temple
ppt.ssfcbz202002001048,The alien condition / edited by Stephen Goldin.,,1973,temple
mdp.39015012064146,The Eighty-Minute Hour: A Space Opera,Brian W. Aldiss,1974,laure
uva.x000100956,Patron of the Arts,William Rotsler,1974,laure
mdp.39015020712421,Carrie,Stephen King,1974,laure
mdp.39015031213583,Total Eclipse,John Brunner,1974,laure
mdp.39015008543426,The Mote in God's Eye,Larry Niven & Jerry Pournelle,1974,laure
uc1.32106018320967,A Midsummer Tempest,Poul Anderson,1974,laure
mdp.39015056811675,The Inverted World,Christopher Priest,1974,laure
ppt.ssfcbz202002001005,The Godwhale,T. J. Bass,1974,laure
pst.000022867131,The Forgotten Beasts of Eld,Patricia A. McKillip,1974,laure
inu.39000002565559,The Forever War,Joe Haldeman,1974,laure
mdp.39015007043337,"Flow My Tears, the Policeman Said",Philip K. Dick,1974,laure
uc1.b4948636,City in the Sky,Curt Siodmak,1974,laure
mdp.39015031213591,Web of Everywhere,John Brunner,1974,laure
mdp.39015009153951,Dark Star,Alan Dean Foster,1974,laure
ppt.ssfcbz201710000412,The Texas-Israeli War: 1999,Howard Waldrop & Jake Saunders,1974,laure
mdp.39015034004229,Concrete Island,J. G. Ballard,1974,laure
mdp.39015008040605,Shardik,Richard Adams,1974,laure
inu.39000003395287,The Soul of the Robot,Barrington J. Bayley,1974,laure
ppt.ssfcbz202002001006,The Fall of Chronopolis,Barrington J. Bayley,1974,laure
mdp.39015014439031,Monument,"Lloyd Biggle, Jr.",1974,laure
uva.x000275033,The Valley Where Time Stood Still,Lin Carter,1974,laure
mdp.39015040110960,The Spell Sword,Marion Zimmer Bradley,1974,laure
uva.x001044244,The Sword and the Stallion,Michael Moorcock,1974,laure
mdp.39015005169654,The Hollow Lands,Michael Moorcock,1974,laure
pst.000049308792,The Perilous Gard,Elizabeth Marie Pope,1974,laure
uc1.b3865868,The Unsleeping Eye,D. G. Compton,1974,laure
mdp.39015005661809,House of Stairs,William Sleator,1974,laure
mdp.39015012917210,The Sodom and Gomorrah Business,Barry N. Malzberg,1974,laure
mdp.39015000244775,The Dispossessed,Ursula K. Le Guin,1974,laure
mdp.39015010418294,The Dispossessed: An Ambiguous Utopia,Ursula K. Le Guin,1974,laure
uc1.32106017346385,The Dispossessed,Ursula Le Guin,1974,laure
mdp.39015011355966,The Land Leviathan,Michael Moorcock,1974,laure
mdp.39015030745015,Hadon of Ancient Opar,Philip Jos√© Farmer,1974,laure
mdp.39015056891313,Ice and Iron,Wilson Tucker,1974,laure
uva.x000722857,Two-Eyes,Stuart Gordon,1974,laure
uc1.$b326493,Lavender-Green Magic,Andre Norton,1974,laure
mdp.39015043103384,Iron Cage,Andre Norton,1974,laure
uc1.32106002151774,The Secret Galactics,A. E. van Vogt,1974,laure
pst.000025986976,Earth Factor X,A. E. van Vogt,1974,laure
mdp.39015033414023,The Virility Factor,Robert Merle,1974,laure
mdp.39015015764130,Into Deepest Space,Fred Hoyle & Geoffrey Hoyle,1974,laure
mdp.39015052399188,Rings of Ice,Piers Anthony,1974,laure
uva.x000778620,Wild Jack,John Christopher,1974,laure
mdp.39015008443502,The Hawkline Monster,Richard Brautigan,1974,laure
mdp.49015000896465,Greenwitch,Susan Cooper,1974,laure
uc1.$b451311,Quin's Shanghai Circus,Edward Whittemore,1974,laure
uva.x000679493,The Boy Who Had Wings,Jane Yolen,1974,laure
mdp.39015004246461,The Memoirs of a Survivor,Doris Lessing,1974,laure
mdp.39015029505487,Give Warning to the World,John Brunner,1974,laure
txu.059173017950202,Tales of Power,Carlos Castaneda,1974,laure
mdp.39015036895640,My Petition for More Space,John Hersey,1974,laure
uva.x001115468,The Stars Will Judge,Irving A. Greenfield,1974,laure
uva.x000129175,Stormtrack,James Sutherland,1974,laure
pst.000022189318,The Reincarnation of Peter Proud,Max Ehrlich,1974,laure
mdp.39015031238077,The Search for Joseph Tully,William H. Hallahan,1974,laure
mdp.39015050556573,The Swarm,Arthur Herzog,1974,laure
uc1.b4450030,The Messengers Will Come No More,Leslie A. Fiedler,1974,laure
ppt.ssfcbz201808000170,Android Armageddon,Robert Tralins,1974,laure
mdp.39015030845740,The Last Experiment,Walter Bacon,1974,laure
mdp.39015048888948,Seal-Woman,Ronald Lockley,1974,laure
pst.000015218278,Children of the Night,Richard Lortz,1974,laure
uc1.b4950806,Blood Sport: A Journey Up the Hassayampa,Robert F. Jones,1974,laure
uc1.b4446292,The Conjurers,Marilyn Harris,1974,laure
uc1.32106002189808,The Black House,Paul Theroux,1974,laure
pst.000017863964,Prince Charlie's Bluff,Donald Thomas,1974,laure
uc1.b3772002,The Emerald,Mario Soldati,1974,laure
mdp.39015008171277,Myron,Gore Vidal,1974,laure
mdp.39015024078795,Feral,Berton Rouech√©,1974,laure
uc1.b4350620,Changes,Richard Perry,1974,laure
mdp.49015000903980,A Billion for Boris,Mary Rodgers,1974,laure
mdp.39015032821939,Let's Fall in Love,Carol Hill,1974,laure
mdp.39015030739844,Amo,Alice Denham,1974,laure
uc1.b3457755,Solitaire,Mojmir Drvota,1974,laure
mdp.39015031232765,Zulu Heart,Shirley Graham Du Bois,1974,laure
uc1.$b810094,Horan: The Story of the World's First Cure for Sex,Philip C. Lewis,1974,laure
uc1.32106009916872,"The Secret Life of Saeed, the Ill-fated Pessoptimist: A Palestinian Who Became a Citizen of Israel",Emile Habiby,1974,laure
mdp.39076000684055,Why Have the Birds Stopped Singing?,Zoa Sherburne,1974,laure
mdp.39015030711108,The Terrors of Dr Treviles: A Romance,Peter Redgrove & Penelope Shuttle,1974,laure
wu.89048452759,N.U.K.E.E.,Don Widener,1974,laure
mdp.39015002706920,A Blank Book,Melinda Popham,1974,laure
mdp.39015042597107,The Life and Adventures of Trobadora Beatrice As Chronicled by Her Minstrel Laura,Irmtraud Morgner,1974,laure
uva.x001263574,Chess King,Shi-Kuo Chang,1974,laure
mdp.39015032979364,Twilight Country,Knut Faldbakken,1974,laure
mdp.39015025363790,Let's Go Play at the Adams',Mendal W. Johnson,1974,laure
uc1.$b399368,The Spell of Time: A Tale of Love in Jerusalem,Meyer Levin,1974,laure
uc1.b4223802,The Master Cat: The True and Unexpurgated Story of Puss in Boots,David Garnett (I),1974,laure
uc1.b4401630,A Day in the Life of Jay Peter Sweetly,Paul Golis,1974,laure
uc1.b4089055,"M. C. Higgins, the Great",Virginia Hamilton,1974,laure
uva.x000192642,The Battle of Disneyland,Thom Keyes,1974,laure
mdp.39015012964089,Witch of the Cumberlands,Mary Jo Stephens,1974,laure
mdp.39015033521421,"Once I Was a Square: a Visual Fable for Children, Adults & Squares",Adele Aldridge,1974,laure
inu.30000114436722,Shamp of the City-Solo,Jaimy Gordon,1974,laure
ppt.ssfcbz201710000378,I have no mouth and I must scream : stories / Harlan Ellison.,"Ellison, Harlan",1974,temple
ppt.ssfcbz202002001027,Monitor found in orbit / by Michael G. Coney.,"Coney, Michael,",1974,temple
ppt.ssfcbz202002001045,"Alternities / edited by David Gerrold ; associate editor, Stephen Goldin.",,1974,temple
mdp.39015027252215,The Monkey Wrench Gang,Edward Abbey,1975,laure
ppt.ssfcbz201710000442,Sign of the Unicorn,Roger Zelazny,1975,laure
mdp.39015002191446,The Shockwave Rider,John Brunner,1975,laure
mdp.39015062115814,Ragtime,E. L. Doctorow,1975,laure
mdp.39015008639398,Peace,Gene Wolfe,1975,laure
uc1.32106012733850,Norstrilia,Cordwainer Smith,1975,laure
mdp.39015010342635,Imperial Earth,Arthur C. Clarke,1975,laure
mdp.39015040110978,The Heritage of Hastur,Marion Zimmer Bradley,1975,laure
mdp.39015047597136,The Female Man,Joanna Russ,1975,laure
uc1.b4355109,The Exile Waiting,Vonda N. McIntyre,1975,laure
ppt.ssfcbz201710000350,Dhalgren,Samuel R. Delany,1975,laure
mdp.39015058394282,The Computer Connection,Alfred Bester,1975,laure
mdp.39015020749142,Bid Time Return,Richard Matheson,1975,laure
ppt.ssfcbz202002001037,Nightmare Blue,Gardner Dozois & George Alec Effinger,1975,laure
pst.000010278420,Midworld,Alan Dean Foster,1975,laure
mdp.39015040129085,High-Rise,J. G. Ballard,1975,laure
uc1.32106017813053,Dragonfly,K. R. Dwyer,1975,laure
ppt.ssfcbz201808000138,The Long Sleep,John Hill,1975,laure
mdp.39015046383959,Grimus,Salman Rushdie,1975,laure
mdp.39015038916428,Ecotopia,Ernest Callenbach,1975,laure
mdp.39015059216732,Ecotopia: the Notebooks and Reports of William Weston,Ernest Callenbach,1975,laure
mdp.39015048708542,Mind Wizards of Callisto,Lin Carter,1975,laure
pst.000000484855,The Nemesis of Evil,Lin Carter,1975,laure
inu.32000002768507,The Jonah Kit,Ian Watson,1975,laure
pst.000026190907,A Knight of Ghosts and Shadows,Poul Anderson,1975,laure
mdp.49015000686825,The Broken Citadel,Joyce Ballou Gregorian,1975,laure
mdp.39015011802264,The Quest for Tanelorn,Michael Moorcock,1975,laure
mdp.39015019801821,Galaxies,Barry N. Malzberg,1975,laure
mdp.39015005735652,The Great Victorian Collection,Brian Moore,1975,laure
mdp.39015031604625,Dead Babies,Martin Amis,1975,laure
mdp.39015062112472,Dogsbody,Diana Wynne Jones,1975,laure
pst.000015755001,Berserker's Planet,Fred Saberhagen,1975,laure
uc1.b4102015,The Wizard in the Tree,Lloyd Alexander,1975,laure
mdp.49015002601962,Fade-Out,Patrick Tilley,1975,laure
mdp.39015010838004,The Chain of Chance,Stanislaw Lem,1975,laure
uva.x000630191,The Aluminum Man,G. C. Edmondson,1975,laure
uc1.b4101885,The Transfigured Hart,Jane Yolen,1975,laure
pst.000030169975,No Night Without Stars,Andre Norton,1975,laure
mdp.39015016879648,Enchanted Pilgrimage,Clifford D. Simak,1975,laure
uva.x000285853,The Shattered People,Robert Hoskins,1975,laure
uc1.$b400480,Noah's Castle,John Rowe Townsend,1975,laure
mdp.39015030042058,The Killing Gift,Bari Wood,1975,laure
pst.000032707021,Among the Dolls,William Sleator,1975,laure
uc1.32106002035548,Jacob Two-Two Meets the Hooded Fang,Mordecai Richler,1975,laure
pst.000033672496,The Ghost Belonged to Me,Richard Peck,1975,laure
mdp.39015000627250,The Dissertation,R. M. Koster,1975,laure
ppt.ssfcbz201808000124,Growing Up in Tier 3000,Felix C. Gotschalk,1975,laure
mdp.39015010484064,The Romance of Atlantis,Taylor Caldwell & Jess Stearn,1975,laure
mdp.49015000902438,A Stranger Came Ashore,Mollie Hunter,1975,laure
ppt.ssfcbz201808000122,Phoenix Without Ashes,Harlan Ellison & Edward Bryant,1975,laure
mdp.39015011254359,The Not-World,Thomas Burnett Swann,1975,laure
mdp.39015013115046,Money Is Love,Richard Condon,1975,laure
mdp.39015058278394,The Last of the Country House Murders,Emma Tennant,1975,laure
uc1.b4098575,All in Good Time,Edward Ormondroyd,1975,laure
mdp.39015005349876,The Clairvoyant Countess,Dorothy Gilman,1975,laure
mdp.39015005722528,The Intruders,Pat Montandon,1975,laure
pst.000051356675,The Great Ghost Rescue,Eva Ibbotson,1975,laure
mdp.39015050932956,Earthsound,Arthur Herzog,1975,laure
mdp.39015061377258,The Bowl of Baal,Robert Ames Bennet,1975,laure
mdp.39015056486189,The Trees of Zharka,Nancy Mackenroth,1975,laure
pst.000029703463,Flake of Snow,Edward Sagarin,1975,laure
uiug.30112003476626,Exodus/UK,Richard Rohmer,1975,laure
uva.x000295771,Hitler Has Won,Frederic Mullally,1975,laure
uc1.b4451144,Transformations,John Mella,1975,laure
uc1.32106002166939,A Lovely Monster,Rick DeMarinis,1975,laure
mdp.39015000627235,Swimmer in the Secret Sea,William Kotzwinkle,1975,laure
mdp.39015022286689,Tobias and the Angel,Frank Yerby,1975,laure
uva.x000296152,Gush,Keith Abbott,1975,laure
mdp.39015005324507,Nightshade,Derek Marlowe,1975,laure
mdp.39015001701989,The Nuclear Crisis of 1979,William M. Brown,1975,laure
mdp.39015037454181,The Promise of Joy,Allen Drury,1975,laure
uva.x000722821,Waterspout Up,Anne Etkin,1975,laure
mdp.39015002735853,Going,Sumner Locke Elliott,1975,laure
pst.000023842687,Wingman,Manus Pinkwater,1975,laure
pst.000006410476,Witch in the House,Ruth Chew,1975,laure
uc1.b4937093,Terra Nostra,Carlos Fuentes,1975,laure
uc1.b4948978,Mr. Moon's Last Case,Brian Patten,1975,laure
mdp.39015031326245,Morrow's Ants,Edward Hyams,1975,laure
ien.35556019340850,The Gods of Raquel,Moacyr Scliar,1975,laure
mdp.39015014141462,Children of the Black Sabbath,Anne H√©bert,1975,laure
inu.39000004109083,Kadosa,David G. Maillu,1975,laure
txu.059173023657224,Corregidora,Gayl Jones,1975,laure
mdp.39015024084702,To the Green Mountains,Eleanor Cameron,1975,laure
uc1.b4439329,Child of Night,Anne Edwards,1975,laure
mdp.39015010443110,The Legend of Krishna,Nigel Frith,1975,laure
mdp.39015017732309,Past Conditional,Guido Morselli,1975,laure
uc1.b3456567,The Cosmopolitan Girl,Rosalyn Drexler,1975,laure
inu.32000009169527,The Cats to Come,Geoffrey Household,1975,laure
uc1.b3790506,Berlinguer and the Professor,Anonymous,1975,laure
mdp.39015030700614,Fire and Ice,Ray Kytle,1975,laure
mdp.39015019370587,Heaven and Hell and the Megas Factor,Robert Nathan,1975,laure
mdp.39015033457345,'Pour la patrie': For My Country: An 1895 Religious and Separatist Vision of Quebec in the Mid-Twentieth Century,Jules-Paul Tardivel,1975,laure
mdp.39015024079702,Paradigm Red,Harold King,1975,laure
ppt.ssfcbz201710000398,The tombs of Atuan / Ursula K. Le Guin ; illustrated by Gail Garraty.,"Le Guin, Ursula K., 1929-",1975,temple
ppt.ssfcbz201808000054,The best science fiction of the year.,,1975,temple
mdp.39015062083178,Interview with the Vampire,Anne Rice,1976,laure
pst.000049696431,Beneath the Shattered Moons,Michael Bishop,1976,laure
mdp.39015008543418,A World Out of Time,Larry Niven,1976,laure
mdp.39015002662453,Where Late the Sweet Birds Sang,Kate Wilhelm,1976,laure
mdp.39015009287676,Triton,Samuel R. Delany,1976,laure
mdp.39015005540391,The Shattered Chain,Marion Zimmer Bradley,1976,laure
mdp.39015046878727,Patternmaster,Octavia E. Butler,1976,laure
uc1.b3884191,Man Plus,Frederik Pohl,1976,laure
mdp.39015006577822,Inferno,Larry Niven & Jerry Pournelle,1976,laure
inu.39000003123747,The Hand of Oberon,Roger Zelazny,1976,laure
mdp.39015010862855,The End of All Songs,Michael Moorcock,1976,laure
mdp.39015009020556,The Dragon and the George,Gordon R. Dickson,1976,laure
mdp.39015001362329,Doctor Rat,William Kotzwinkle,1976,laure
mdp.39015034647167,Doorways in the Sand,Roger Zelazny,1976,laure
uc1.32106007171835,Children of Dune,Frank Herbert,1976,laure
mdp.39015013416261,The Alteration,Kingsley Amis,1976,laure
mdp.39015048759594,Star Wars: From the Adventures of Luke Skywalker,George Lucas,1976,laure
ppt.ssfcbz201808000134,The Power of Blackness,Jack Williamson,1976,laure
uc1.b4101876,And All Between,Zilpha Keatley Snyder,1976,laure
inu.39000002159106,Lifeboat,Gordon R. Dickson & Harry Harrison,1976,laure
mdp.39015030842432,The Tides of Kregen,Alan Burt Akers,1976,laure
mdp.39015058799985,Maske: Thaery,Jack Vance,1976,laure
uva.x001560082,"Spock, Messiah!","Charles A. Spano, Jr. & Theodore R. Cogswell",1976,laure
ppt.ssfcbz201808000110,The Space Machine,Christopher Priest,1976,laure
ppt.ssfcbz202002001126,The World Asunder,Ian Wallace,1976,laure
mdp.39015042474885,OX,Piers Anthony,1976,laure
uc1.b4437609,Breakthrough,Ken Grimwood,1976,laure
mdp.39015008704606,The Adventures of Una Persson and Catherine Cornelius in the Twentieth Century: A Romance,Michael Moorcock,1976,laure
mdp.39015020723352,Eaters of the Dead,Michael Crichton,1976,laure
mdp.39015057618657,The Magic Goes Away,Larry Niven,1976,laure
inu.30000114180940,Star Probe,Joseph Green,1976,laure
ppt.ssfcbz202002001103,Specimens,Fred Saberhagen,1976,laure
mdp.39015000244577,Woman on the Edge of Time,Marge Piercy,1976,laure
mdp.39015010296195,The Devil in a Forest,Gene Wolfe,1976,laure
mdp.39015008993449,The Malacia Tapestry,Brian W. Aldiss,1976,laure
mdp.39015031602488,Deus Irae,Philip K. Dick & Roger Zelazny,1976,laure
uc1.b3762713,Brave Old World,Philippe Curval,1976,laure
mdp.39015021916583,The Multiple Man,Ben Bova,1976,laure
mdp.39015003919498,Definitely Maybe,Arkady Strugatsky & Boris Strugatsky,1976,laure
mdp.39015056814406,Shakespeare's Planet,Clifford D. Simak,1976,laure
mdp.39015013938116,Ratner's Star,Don DeLillo,1976,laure
mdp.39015020747013,Slapstick or Lonesome No More!,Kurt Vonnegut,1976,laure
inu.30000114172426,The Fury,John Farris,1976,laure
mdp.39015011586479,Bridge of Ashes,Roger Zelazny,1976,laure
uc1.b4446302,Skyfall,Harry Harrison,1976,laure
mdp.39015009375331,City of Darkness,Ben Bova,1976,laure
pst.000058034521,A String in the Harp,Nancy Bond,1976,laure
mdp.49015000743899,If You Could See Me Now,Peter Straub,1976,laure
mdp.39015033144240,Even Cowgirls Get the Blues,Tom Robbins,1976,laure
pst.000033944050,Lizard Music,D. Manus Pinkwater,1976,laure
mdp.39015035515710,Time Piper,Delia Huddy,1976,laure
mdp.39015030947959,Venus Development,David Bergamini,1976,laure
coo.31924000530992,The Bees,Jack Laflin,1976,laure
uva.x001560084,Star Trek Log Eight,Alan Dean Foster,1976,laure
mdp.39076005676908,The Water Is Wide,Ursula K. Le Guin,1976,laure
mdp.39015027237067,Touch Not the Cat,Mary Stewart,1976,laure
uc1.b4584893,Beard's Roman Women,Anthony Burgess,1976,laure
mdp.39015029845339,Kiss of the Spider Woman,Manuel Puig,1976,laure
mdp.39015010857053,The Stone Book,Alan Garner,1976,laure
mdp.39015003343962,The Crash of '79,Paul E. Erdman,1976,laure
mdp.39015011684399,The Hearing Trumpet,Leonora Carrington,1976,laure
inu.39000003404220,Astra and Flondrix,Seamus Cullen,1976,laure
uc1.b4402431,"Rotwang, or The Delirous Precision of Dreams",Tim Hildebrand,1976,laure
mdp.39015008398474,The Court-Martial of George Armstrong Custer,Douglas C. Jones,1976,laure
uc1.b4088053,The Magical Cupboard,Jane Louise Curry,1976,laure
uc1.b3462176,The Star Spangled Contract,Jim Garrison (I),1976,laure
mdp.39015017679211,The Blue Stone,Richard Kennedy,1976,laure
mdp.39015004273622,One in Four,Leonard Wibberley,1976,laure
uc1.b4446852,The Deadly Messiah,Albert Fay Hill & David Campbell Hill,1976,laure
uva.x001985923,The Shores of Kansas,Robert Chilson,1976,laure
uc1.b4938173,The Man with Two Memories,J. B. S. Haldane,1976,laure
mdp.49015001109926,The Hospital Ship,Martin Bax,1976,laure
uva.x000296175,Instar,Ryder Brady,1976,laure
mdp.49015001285411,Everyone Knows What a Dragon Looks Like,Jay Williams,1976,laure
uva.x000790145,The Sun Chemist,Lionel Davidson,1976,laure
mdp.39015010685900,Ironcastle,Philip Jos√© Farmer & J. H. Rosny a√Æn√©,1976,laure
mdp.39015002133893,The Yawning Heights,Alexander Zinoviev,1976,laure
uc1.32106002165253,The Whisper of the Axe,Richard Condon,1976,laure
mdp.39015001832776,Topology of a Phantom City,Alain Robbe-Grillet,1976,laure
uc1.b3741276,The Children of Dynmouth,William Trevor,1976,laure
uc1.32106018853751,Grand Solo for Anton,Herbert Rosendorfer,1976,laure
mdp.39015019392318,The Eugu√©lionne,Louky Bersianik,1976,laure
mdp.39015005489771,Wild Robin,Susan Jeffers,1976,laure
mdp.39015020744465,Sombrero Fallout,Richard Brautigan,1976,laure
mdp.39015030034899,The Glass Cottage: A Nautical Romance,Peter Redgrove & Penelope Shuttle,1976,laure
uva.x000142540,The Joke Shop,D. J. Enright,1976,laure
wu.89053532776,Sweetwater,Knut Faldbakken,1976,laure
mdp.39015056199758,Magic,William Goldman,1976,laure
uc1.b3463714,The Canfield Decision,Spiro T. Agnew,1976,laure
uc1.b4430771,The Dogs,Robert Calder,1976,laure
uc1.b3464191,Klynt's Law,Elliott Baker,1976,laure
mdp.39015030846276,Survivor,Marc Brandel,1976,laure
uc1.31822032041386,Ghostboat,George E. Simpson & Neal R. Burger,1976,laure
mdp.39015030736170,The Cold Room,Jeffrey Caine,1976,laure
uc1.31158004013842,Two Strand River,Keith Maillard,1976,laure
mdp.39015014493129,Millennium: A Novel About People and Politics in the Year 1999,Ben Bova,1976,laure
mdp.39015046344514,Raise the Titanic!,Clive Cussler,1976,laure
mdp.39015030719085,Scenic Drive,Michael Wilding,1976,laure
mdp.39015022246352,The Devil in Texas,Aristeo Brito,1976,laure
mdp.39015042036023,Victuum,Isabella R√≠os,1976,laure
mdp.39015010440637,Dragon Island,Jacques Godbout,1976,laure
mdp.39015049862876,The Falling World of Tristram Pocket,David Kellum,1976,laure
mdp.39015009194203,The Himalayan Concerto,John Masters,1976,laure
mdp.39015031823761,"The West End Horror: A Posthumous Memoir of John H. Watson, M.D.",Nicholas Meyer,1976,laure
mdp.39015000541279,Seeing Things,Charlotte Painter,1976,laure
ppt.ssfcbz201710000397,The left hand of darkness / by Ursula K. Le Guin.,"Le Guin, Ursula K., 1929-2018",1976,temple
ppt.ssfcbz201710000410,"Bio-futures : science fiction stories about biological metamorphosis / edited, with an introduction and notes, by Pamela Sargent.",,1976,temple
ppt.ssfcbz201710000443,My name is Legion / Roger Zelazny.,"Zelazny, Roger",1976,temple
mdp.39015013000396,Brothers of the Head,Brian W. Aldiss,1977,laure
uc1.b3862864,Stolen Faces,Michael Bishop,1977,laure
mdp.39015056801965,Sword of the Demon,Richard A. Lupoff,1977,laure
inu.30000042743116,The Sword of Shannara,Terry Brooks,1977,laure
ppt.ssfcbz201710000371,A Scanner Darkly,Philip K. Dick,1977,laure
mdp.39015049499166,The Ophiuchi Hotline,John Varley,1977,laure
mdp.39015012204890,Mirkheim,Poul Anderson,1977,laure
ppt.ssfcbz201710000339,Mind of My Mind,Octavia E. Butler,1977,laure
osu.32435008205445,The Martian Inca,Ian Watson,1977,laure
pst.000032254020,The Plague Dogs,Richard Adams,1977,laure
ppt.ssfcbz201710000415,Involution Ocean,Bruce Sterling,1977,laure
mdp.39015042857329,In the Ocean of Night,Gregory Benford,1977,laure
mdp.39015008639448,If the Stars Are Gods,Gregory Benford & Gordon Eklund,1977,laure
mdp.39015004821446,A Heritage of Stars,Clifford D. Simak,1977,laure
pst.000018854497,Heir of Sea and Fire,Patricia A. McKillip,1977,laure
inu.39000002610124,Gateway,Frederik Pohl,1977,laure
mdp.39015005343515,The Forbidden Tower,Marion Zimmer Bradley,1977,laure
mdp.39015013260727,Dying of the Light,George R. R. Martin,1977,laure
mdp.39015008842547,The Dark Design,Philip Jos√© Farmer,1977,laure
uc1.b4430797,Cirque,Terry Carr,1977,laure
mdp.39015008278221,The Dosadi Experiment,Frank Herbert,1977,laure
mdp.39015004159029,The Book of Merlyn,T. H. White,1977,laure
pst.000000083423,Trey of Swords,Andre Norton,1977,laure
mdp.39015000221716,We Who Are About to ...,Joanna Russ,1977,laure
inu.30000042755870,The Face of Fear,Brian Coffey,1977,laure
uva.x001081432,The Face of Fear,Dean R. Koontz,1977,laure
mdp.39015056817631,Silence Is Deadly,"Lloyd Biggle, Jr.",1977,laure
uva.x001503113,The Price of the Phoenix,Sondra Marshak & Myrna Culbreath,1977,laure
mdp.39015002734278,The Ice Is Coming,Patricia Wrightson,1977,laure
uva.x000721802,The Micronauts,Gordon Williams,1977,laure
mdp.39015005549541,Secret Rendezvous,Kobo Abe,1977,laure
pst.000021387050,The Mercenary,Jerry Pournelle,1977,laure
mdp.39015016924485,The Condition of Muzak,Michael Moorcock,1977,laure
mdp.39015008821244,Lord Foul's Bane,Stephen R. Donaldson,1977,laure
mdp.39015008821251,The Illearth War,Stephen R. Donaldson,1977,laure
mdp.39015008437959,The Power That Preserves,Stephen R. Donaldson,1977,laure
mdp.39015050309999,Drinking Sapphire Wine,Tanith Lee,1977,laure
uc1.b4102013,The Luck of Brin's Five,Cherry Wilder,1977,laure
uc1.32106018627809,Marie Laveau,Francine Prose,1977,laure
mdp.39015017670103,Go Saddle the Sea,Joan Aiken,1977,laure
mdp.49015000722406,Kampus,James E. Gunn,1977,laure
mdp.39015001718371,The Passion of New Eve,Angela Carter,1977,laure
uc1.b4951549,Little America,Rob Swigart,1977,laure
mdp.39015047769008,The Lavalite World,Philip Jos√© Farmer,1977,laure
mdp.39015012206630,Sing and Scatter Daisies,Louise Lawrence,1977,laure
uc1.b4088072,Empty World,John Christopher,1977,laure
uc1.32106017516177,Shadow of a Broken Man,George C. Chesbro,1977,laure
pst.000033672502,Ghosts I Have Been,Richard Peck,1977,laure
mdp.39076000810635,Jacob Atabet,Michael Murphy,1977,laure
uc1.31210017511336,The Golden Sword,Janet E. Morris,1977,laure
mdp.39015073818505,"Parsival, or a Knight's Tale",Richard Monaco,1977,laure
mdp.39015050605008,Portrait of a Romantic,Steven Millhauser,1977,laure
mdp.39015011582890,Plus,Joseph McElroy,1977,laure
mdp.39015000627219,Fata Morgana,William Kotzwinkle,1977,laure
inu.30000114172418,All Heads Turn When the Hunt Goes by,John Farris,1977,laure
mdp.39015012986595,Silver on the Tree,Susan Cooper,1977,laure
uva.x000461176,Blood Feud,Rosemary Sutcliff,1977,laure
pst.000012442454,Logan's World,William F. Nolan,1977,laure
uc1.32106002192232,Fault Lines,Kate Wilhelm,1977,laure
pst.000012691074,Nightwatch,Andrew M. Stephenson,1977,laure
uiug.30112124660835,Cloudcry,Sydney J. Van Scyoc,1977,laure
mdp.49015000909433,"Come Away from the Water, Shirley",John Burningham,1977,laure
mdp.39015005513612,Supermind,A. E. van Vogt,1977,laure
mdp.39015073907787,Superfolks,Robert Mayer,1977,laure
uc1.b4362479,Sinai Tapestry,Edward Whittemore,1977,laure
uc1.b4437956,Crackpot,Ron Goulart,1977,laure
txu.059173017950075,The Second Ring of Power,Carlos Castaneda,1977,laure
uc1.32106002166947,Scimitar,Rick DeMarinis,1977,laure
osu.32435055414791,The Ecolog,R. Faraday Nelson,1977,laure
ppt.ssfcbz201808000180,The Probability Corner,Leigh Richmond & Walt Richmond,1977,laure
mdp.39015056839684,The Ring of Fire,Shirley Rousseau Murphy,1977,laure
uc1.31158002652765,The Black Death,John S. Marr & Gwyneth Cravens,1977,laure
mdp.39015056817300,Magic Squares,Paul Calter,1977,laure
uva.x000164083,The Time of the Kraken,Jay Williams,1977,laure
uc1.b4446124,Heat,Arthur Herzog,1977,laure
mdp.39015046825496,The Public Burning,Robert Coover,1977,laure
cub.p103250307003,Fireball,Vic Mayhew & Doug Long,1977,laure
mdp.39015000648553,Exit Sherlock Holmes,Robert Lee Hall,1977,laure
mdp.49015000743105,Anti-matter,C. M. Stanbury,1977,laure
mdp.39015056262796,Xanthe and the Robots,Sheila MacLeod,1977,laure
mdp.49015000893504,The Upside-Down Man,Russell Baker,1977,laure
uc1.b4450132,The Poe Papers,N. L. Zaroulis,1977,laure
mdp.49015002590363,Blizzard,George Stone,1977,laure
uc1.b4362001,Riddle,Dan Sherman,1977,laure
uc1.32106002170469,In the Suicide Mountains,John Gardner,1977,laure
mdp.39015026931066,"Lovers Living, Lovers Dead",Richard Lortz,1977,laure
mdp.39015053670066,The Good Leviathan,Pierre Boulle,1977,laure
uc1.b4088027,The Birdstones,Jane Louise Curry,1977,laure
mdp.39015000146699,Ceremony,Leslie Marmon Silko,1977,laure
mdp.39015030091030,The Colours of War,Matt Cohen,1977,laure
uc1.b3457876,Against All Enemies,Ervin S. Duggan & Ben J. Wattenberg,1977,laure
uc1.$b451206,The Time of the Emergency,Peter Rand,1977,laure
uc1.b3739046,The Confessions of Josef Baisz,Dan Jacobson,1977,laure
mdp.39015008450655,The Wasp in a Wig,Lewis Carroll,1977,laure
mdp.39015030737657,They: A Sequence of Unease,Kay Dick,1977,laure
mdp.39015021915965,A Hole in the Head,Francis Stuart,1977,laure
pst.000065315057,Falconer,John Cheever,1977,laure
uva.x000394987,The Amityville Horror,Jay Anson,1977,laure
mdp.39015005893980,Close Encounters of the Third Kind,Steven Spielberg,1977,laure
uc1.b4098597,Goldenrod,Mary Towne,1977,laure
mdp.39015046379130,The Flounder,G√ºnter Grass,1977,laure
mdp.39015073377379,The Daemon,Peter Tuesday Hughes,1977,laure
mdp.39015051815150,Guinever's Gift,Nicole St. John,1977,laure
mdp.39015048902640,Minnie Santangelo & the Evil Eye,Anthony Mancini,1977,laure
mdp.39015031297438,The Fork River Space Project,Wright Morris,1977,laure
ppt.ssfcbz201710000386,Kampus : a novel / by James E. Gunn.,"Gunn, James E., 1923-2020.",1977,temple
ppt.ssfcbz201808000034,Best science fiction stories of the year.,,1977,temple
ppt.ssfcbz202002001097,Critical mass / Frederik Pohl and C.M. Kornbluth.,"Pohl, Frederik",1977,temple
mdp.39015028704974,The White Dragon,Anne McCaffrey,1978,laure
mdp.49015002834613,Up the Walls of the World,"James Tiptree, Jr.",1978,laure
uc1.b3862874,Strangers,Gardner Dozois,1978,laure
mdp.39015005028678,The Stand,Stephen King,1978,laure
mdp.39015056165635,The Stand: The Complete & Uncut Edition,Stephen King,1978,laure
mdp.39015020000694,Sight of Proteus,Charles Sheffield,1978,laure
mdp.39015005282622,SS-GB,Len Deighton,1978,laure
mdp.39015052543298,The Road to Corlay,Richard Cowper,1978,laure
uiug.30112000766565,Poe Must Die,Marc Olden,1978,laure
mdp.39015005516904,Kalki,Gore Vidal,1978,laure
mdp.39015056485884,Hotel Transylvania,Chelsea Quinn Yarbro,1978,laure
uva.x000883394,The Faded Sun: Shon'jir,C. J. Cherryh,1978,laure
uva.x000882738,The Faded Sun: Kesrith,C. J. Cherryh,1978,laure
uc1.b4951323,Dreamsnake,Vonda N. McIntyre,1978,laure
mdp.39015022187036,The Dark Bright Water,Patricia Wrightson,1978,laure
uc1.b4951698,The Courts of Chaos,Roger Zelazny,1978,laure
inu.30000104227065,Colony,Ben Bova,1978,laure
mdp.39015037402719,Blind Voices,Tom Reamy,1978,laure
uc1.32106015466912,What Dreams May Come,Richard Matheson,1978,laure
mdp.39015014504024,The Avatar,Poul Anderson,1978,laure
mdp.39015000595333,Altered States,Paddy Chayefsky,1978,laure
uc1.32106002186010,The Two of Them,Joanna Russ,1978,laure
mdp.39015011802215,Home from the Shore,Gordon R. Dickson,1978,laure
uc1.32106005888059,The Far Call,Gordon R. Dickson,1978,laure
uva.x001491624,Mudd's Angels,J. A. Lawrence,1978,laure
uva.x001505691,Vulcan!,Kathleen Sky,1978,laure
pst.000030507784,Battlestar Galactica,Robert Thurston & Glen A. Larson,1978,laure
mdp.39015015387122,The Book of the Dun Cow,"Walter Wangerin, Jr.",1978,laure
mdp.39015056163242,Kirlian Quest,Piers Anthony,1978,laure
pst.000013229382,Stormqueen!,Marion Zimmer Bradley,1978,laure
pst.000000274135,Mortal Gods,Jonathan Fast,1978,laure
uc1.b4369743,The Girl with the Jade Green Eyes,John Boyd,1978,laure
uc1.b4949047,Beloved Son,George Turner,1978,laure
uc1.32106014161738,A.K.A.: A Cosmic Fable,Rob Swigart,1978,laure
ppt.ssfcbz202002001068,The Ion War,Colin Kapp,1978,laure
pst.000013874476,The Wolfen,Whitley Strieber,1978,laure
uc1.b4087888,The Treasure of Alpheus Winterborn,John Bellairs,1978,laure
uc1.$b400475,Quag Keep,Andre Norton,1978,laure
mdp.39015064094090,Confederation Matador,J. F. Bone,1978,laure
inu.30000104229814,Pursuit of the Screamer,Ansen Dibell,1978,laure
uc1.b3860559,Mastodonia,Clifford D. Simak,1978,laure
mdp.39015006197324,The Fellowship of the Talisman,Clifford D. Simak,1978,laure
mdp.39015049615043,Percival and the Presence of God,Jim Hunter,1978,laure
mdp.39015007010096,The Stainless Steel Rat Wants You,Harry Harrison,1978,laure
mdp.39015014184231,Arthur Rex,Thomas Berger (1924-2014),1978,laure
uc1.b4451964,Chrome,George Nader,1978,laure
ppt.ssfcbz201808000165,Doom Star,Richard S. Meyers,1978,laure
mdp.39076001041719,Beauty,Robin McKinley,1978,laure
uc1.32106010992912,The Road to Tamazunchale,Ron Arias,1978,laure
ppt.ssfcbz201710000383,Algorithm,Jean Mark Gawron,1978,laure
mdp.39015004106376,Sherlock Holmes vs. Dracula,Loren D. Estleman,1978,laure
mdp.39015020712116,Falling Angel,William Hjortsberg,1978,laure
pst.000016320352,Oron,David C. Smith,1978,laure
ppt.ssfcbz201710000384,The Wicked Cyborg,Ron Goulart,1978,laure
mdp.39015022193885,The Lastborn of Elvinwood,Linda Haldeman,1978,laure
pst.000032468236,Memorial Hall Murder,Jane Langton,1978,laure
mdp.49015000680349,The Invasion of the Body Snatchers,Jack Finney,1978,laure
pst.000017497954,Invasion of the Bodysnatchers,Jack Finney,1978,laure
mdp.39015058278360,Kittatinny: A Tale of Magic,Joanna Russ,1978,laure
mdp.39015000655970,Merlin,Robert Nye,1978,laure
mdp.39015015381851,The Wicker Man,Robin Hardy (UK) & Anthony Shaffer,1978,laure
mdp.39015040108832,Herr Nightingale and the Satin Woman,William Kotzwinkle,1978,laure
uc1.b5015178,The Hermes Fall,John Baxter,1978,laure
uc1.b4948523,Palace Without Chairs,Brigid Brophy,1978,laure
uva.x000164158,The Voyage of QV66,Penelope Lively,1978,laure
mdp.39015030749082,The Wanting of Levine,Michael Halberstam,1978,laure
mdp.39015000620776,The Entity,Frank De Felitta,1978,laure
mdp.39015002241050,The Cult,Max Ehrlich,1978,laure
uc1.b4439635,Star of the Sea,Linda Haldeman,1978,laure
pst.000015150332,The Extraterrestrial Report,John H. Butterfield & Richard Siegel,1978,laure
mdp.39015031235412,IQ 83,Arthur Herzog,1978,laure
mdp.39015002352535,Tabitha Fffoulkes,John Linssen,1978,laure
pst.000010943083,The Wand and the Star,Pat Wallace,1978,laure
mdp.39015000607211,Galatea,Philip Pullman,1978,laure
osu.32435005524327,Alter Ego,Patrick Watson,1978,laure
inu.30000120831072,The Dooming Eye,Peter Edler,1978,laure
uc1.32106010493390,The Dreams of Jesse Brown,Joseph Bruchac,1978,laure
mdp.39015002756552,The Far Arena,Richard Ben Sapir,1978,laure
uc1.b4088026,The Bassumtyte Treasure,Jane Louise Curry,1978,laure
mdp.39015030710803,The Contaminant,Leonard Reiffel,1978,laure
uva.x000013214,The Yellow Mountain,Lloyd Burton,1978,laure
mdp.39015010526294,The Hawks of Chelney,Adrienne Jones (1915-2000),1978,laure
pst.000012857470,Eyes of Laura Mars,H. B. Gilmour,1978,laure
pst.000045271915,The Turning,Justin Scott,1978,laure
uc1.b4437916,The Snake,John Godey,1978,laure
mdp.49015002630250,Bedtime!,Beni Montresor,1978,laure
mdp.39015030738036,The Crow Goddess,Patricia Finney,1978,laure
mdp.39015010844002,Dance of the Tiger,Bj√∂rn Kurt√©n,1978,laure
uva.x000139456,Wild Ghost Chase,D. J. Enright,1978,laure
mdp.39015014305109,The Changeling,Joy Williams,1978,laure
mdp.39015027894412,Men of Dunwich: The Story of a Vanished Town,Rowland Parker,1978,laure
pst.000003745434,Imprint,Michael Bradley,1978,laure
mdp.39015000681547,Enemies of the System: A Tale of Homo Uniformis,Brian Aldiss,1978,laure
mdp.39015008159389,The Case of the Philosophers' Ring by Dr. John H. Watson,Randall Collins,1978,laure
mdp.39015049821989,The Trial of Adolf Hitler,Philippe Van Rjndt,1978,laure
mdp.39015002179748,The Mermaid's Three Wisdoms,Jane Yolen,1978,laure
uc1.b3477299,The Other Shore of Time,Peter de Polnay,1978,laure
uc1.32106005264780,The Volunteers,Raymond Williams,1978,laure
mdp.39015025345466,Lancelot,Peter Vansittart,1978,laure
uva.x000159323,Ned Kelly and the City of the Bees,Thomas Keneally,1978,laure
uc1.b5118539,The Third World War: August 1985,General Sir John Hackett,1978,laure
mdp.39015019638934,The Magic Carpet and the Cement Wall,Richard M. Vixen,1978,laure
uc1.32106009106169,Dreamspeaker,Cam Hubert,1978,laure
uc1.b4948360,A Long Walk to Wimbledon,H. R. F. Keating,1978,laure
umn.31951001071898j,Garh City,Robert Nichols (1919-2010),1978,laure
uc1.b4421426,0.44,Jimmy Breslin & Dick Schaap,1978,laure
uc1.b4355182,Animal Magnetism,Francine Prose,1978,laure
uc1.b4358754,The Chanting of Children,Margaret Sand,1978,laure
uc1.b4368503,The Croesus Conspiracy,Benjamin Stein,1978,laure
mdp.39015009362602,Capital,Maureen Duffy,1978,laure
ppt.ssfcbz201710000411,"The new women of wonder : recent science fiction stories by women about women / edited, with an introd. and notes by Pamela Sargent.",,1978,temple
mdp.39015014743457,Watchtower,Elizabeth A. Lynn,1979,laure
mdp.39015003464321,The Unlimited Dream Company,J. G. Ballard,1979,laure
mdp.39015032049994,Transfigurations,Michael Bishop,1979,laure
mdp.39015011815134,Titan,John Varley,1979,laure
uc1.b3462838,Stardance,Spider Robinson & Jeanne Robinson,1979,laure
mdp.39015008199450,Roadmarks,Roger Zelazny,1979,laure
inu.39000001892806,The Ringworld Engineers,Larry Niven,1979,laure
uc1.b4951772,On Wings of Song,Thomas M. Disch,1979,laure
mdp.39015040127014,The Last Enchantment,Mary Stewart,1979,laure
mdp.49015002595743,Kinsman,Ben Bova,1979,laure
dul1.ark:/13960/t4wh8z13n,Kindred,Octavia E. Butler,1979,laure
mdp.39015000684780,Juniper Time,Kate Wilhelm,1979,laure
uc1.32106015587949,The Hitchhiker's Guide to the Galaxy,Douglas Adams,1979,laure
pst.000018854527,Harpist in the Wind,Patricia A. McKillip,1979,laure
mdp.39015008380167,The Fountains of Paradise,Arthur C. Clarke,1979,laure
uva.x000884329,The Faded Sun: Kutath,C. J. Cherryh,1979,laure
mdp.39015013234516,Engine Summer,John Crowley,1979,laure
uc1.32106020040769,The Dancers of Arun,Elizabeth A. Lynn,1979,laure
mdp.39015054063113,The Jesus Incident,Frank Herbert & Bill Ransom,1979,laure
pst.000016174740,A Shadow of All Night Falling,Glen Cook,1979,laure
mdp.39015022216793,Heroics,George Alec Effinger,1979,laure
mdp.39015058799936,Masters of Everon,Gordon R. Dickson,1979,laure
mdp.39015002255837,The Dragon Lord,David Drake,1979,laure
mdp.39015010392044,The Magic Cup: An Irish Legend,Andrew M. Greeley,1979,laure
uva.x001503118,The Fate of the Phoenix,Sondra Marshak & Myrna Culbreath,1979,laure
uva.x001558349,Trek to Madworld,Stephen Goldin,1979,laure
mdp.39015073980446,Macrolife: A Mobile Utopia,George Zebrowski,1979,laure
uc1.b4951776,Macrolife,George Zebrowski,1979,laure
pst.000021656866,Han Solo's Revenge,Brian Daley,1979,laure
mdp.39015015372231,Into the Dream,William Sleator,1979,laure
mdp.39015002710872,Tunnel War,Joe Poyer,1979,laure
pst.000010058541,The White Hart,Nancy Springer,1979,laure
mdp.39015020247485,The Spellcoats,Diana Wynne Jones,1979,laure
pst.000014855047,Death's Master,Tanith Lee,1979,laure
mdp.39015002719980,Alongside Night,J. Neil Schulman,1979,laure
mdp.39015046410125,Malafrena,Ursula K. Le Guin,1979,laure
ppt.ssfcbz202002001073,Electric Forest,Tanith Lee,1979,laure
mdp.39015014535853,A World Between,Norman Spinrad,1979,laure
uc1.32106008073303,"Star-Anchored, Star-Angered",Suzette Haden Elgin,1979,laure
mdp.39015007033684,The Short-Timers,Gustav Hasford,1979,laure
mdp.39015050923229,Wild Nights,Emma Tennant,1979,laure
mdp.39015013957587,Ghost Story,Peter Straub,1979,laure
uc1.b4951550,The Time Trip,Rob Swigart,1979,laure
mdp.39015002348343,Jailbird,Kurt Vonnegut,1979,laure
mdp.39015011025874,The Forever Formula,Frank Bonham,1979,laure
uc1.32106021213639,Freaks' Amour,Tom De Haven,1979,laure
mdp.39015004726710,Tulku,Peter Dickinson,1979,laure
mdp.39015030947140,Celestial Chess,Thomas Bontly,1979,laure
mdp.39015034112626,Night Outside,Patricia Wrightson,1979,laure
uc1.b4101999,The Island of the Grass King: The Further Adventures of Anatole,Nancy Willard,1979,laure
pst.000013871406,The Road of Kings,Karl Edward Wagner,1979,laure
mdp.39015031305678,Visitants,Randolph Stow,1979,laure
mdp.39015002718123,The Further Education of Oversoul Seven,Jane Roberts,1979,laure
uc1.b4948756,The Totem,David Morrell,1979,laure
mdp.39015073935242,The Better Angels,Charles McCarry,1979,laure
mdp.39015024082185,The Silver Coach,C. S. Adler,1979,laure
mdp.39015005387413,Treasures of Time,Penelope Lively,1979,laure
inu.30000001395387,"Re: Colonised Planet 5, Shikasta",Doris Lessing,1979,laure
uc1.b3462691,Mandragon,R. M. Koster,1979,laure
mdp.39015000624695,Rogano,Stephen Knight (UK),1979,laure
uc1.b4432337,After the First Death,Robert Cormier,1979,laure
mdp.39015019212961,Hanta Yo,Ruth Beebe Hill,1979,laure
mdp.39015002156332,The Merman's Children,Poul Anderson,1979,laure
ppt.ssfcbz202002001121,Renaissance,A. E. van Vogt,1979,laure
mdp.39015054065829,Seven Spells to Sunday,Andre Norton & Phyllis Miller,1979,laure
pst.000046150028,Bumps in the Night,Harry Allard,1979,laure
uc1.b4432456,Clever-Lazy: The Girl Who Invented Herself,Joan Bodger,1979,laure
mdp.39015016872072,"It, Us and the Others",David Churchill,1979,laure
mdp.39015021516979,The Cloverdale Switch,Eve Bunting,1979,laure
mdp.39015002725300,The Living End,Stanley Elkin,1979,laure
mdp.39015024832266,A Net to Catch the Wind,Margaret Greaves,1979,laure
mdp.39015003350181,Dr. Jekyll and Mr. Holmes,Loren D. Estleman,1979,laure
mdp.39015062472553,The Jade Unicorn,Jay Halpern,1979,laure
uc1.b4355060,A Secret History of Time to Come,Robie Macauley,1979,laure
uc1.b4360977,Dark Wing,Katherine MacLean & Carl West,1979,laure
mdp.39015002754995,The Two Kingdoms,Mark Saxton,1979,laure
mdp.39015008870142,The Mirror,Marlys Millhiser,1979,laure
mdp.39015051354457,Unholy Child,Catherine Breslin,1979,laure
mdp.39015008403720,A Woman of the Future,David Ireland,1979,laure
mdp.39015004047372,Yobgorgle: Mystery Monster of Lake Ontario,Daniel M. Pinkwater,1979,laure
uc1.b4437622,Never Say Die: An Autonecrographical Novel,Robert Grossbach,1979,laure
uva.x000069569,The Sixth Winter,John Gribbin & Douglas Orgill,1979,laure
inu.30000132336797,Barney and the UFO,Margaret Goff Clark,1979,laure
pst.000018303698,Message from Space,Edward Packard,1979,laure
pst.000005081370,Balls!,Richard Rohmer,1979,laure
mdp.39015004162668,Inside My Feet,Richard Kennedy,1979,laure
uc1.b3473768,The Underdogs,William Weintraub,1979,laure
uc1.b4369764,Montana Gothic,Dirck Van Sickle,1979,laure
mdp.39015002751678,Kindergarten,Peter Rushforth,1979,laure
uc1.b3473179,Kindergarten,P. S. Rushforth,1979,laure
uva.x000423336,City Wars,Dennis Palumbo,1979,laure
mdp.39015013939718,If on a Winter's Night a Traveler,Italo Calvino,1979,laure
mdp.39015056894150,Dragonworld,J. Michael Reaves & Byron Preiss,1979,laure
pst.000015754080,Meteorite Track 291,Gary Paulsen,1979,laure
mdp.39015040128517,The Neverending Story,Michael Ende,1979,laure
uc1.b4938149,Darkness Visible,William Golding,1979,laure
mdp.39015048896370,Song of the Kingdom,Andy Stone,1979,laure
mdp.39015019129942,Lightning in the Night,Fred Allhoff,1979,laure
uc1.b4088187,The Shining Pool,Dale Carlson & Danny Carlson,1979,laure
pst.000012625857,Dome,Lawrence Huff,1979,laure
uc1.32106006144486,Leese Webster,Ursula K. Le Guin,1979,laure
mdp.39015054163962,The Hamlet Ultimatum,Leonard Sanders,1979,laure
mdp.39015011586446,Jethro and the Jumbie,Susan Cooper,1979,laure
uc1.b3477432,Chog,Quentin Crisp,1979,laure
mdp.39015024634449,Under the Mountain,Maurice Gee,1979,laure
mdp.39015046492123,Blade Runner (a Movie),William S. Burroughs,1979,laure
pst.000045255694,From Blight to Height,Jean Marinelli,1979,laure
mdp.39015005733491,Retreat: As It Was!,Donna J. Young,1979,laure
mdp.39015033521470,Show Me a Hero,Patrick Alexander,1979,laure
mdp.39015000563893,Reincarnation in Venice,Max Ehrlich,1979,laure
pst.000005532469,The Mantouche Factor,Michael Bradley,1979,laure
mdp.39015001800013,The Vandal,Ann Schlee,1979,laure
mdp.39015017715197,And Again?,Sean O'Faolain,1979,laure
mdp.39015002780024,Vlemk the Box-Painter,John Gardner,1979,laure
uc1.b4432357,Speed of Light,Gwyneth Cravens,1979,laure
uva.x000015697,The Lion and the Cross,Joan Lesley Hamilton,1979,laure
uc1.b4450300,Rhino Ritz,Keith Abbott,1979,laure
ucbk.ark:/28722/h2x63bd3p,A Minor Apocalypse,Tadeusz Konwicki,1979,laure
uc1.b4089074,Home,Betsy Gould Hearne,1979,laure
txu.059173026595338,A Certain Lucas,Julio Cort√°zar,1979,laure
mdp.39015029393090,Passenger,Thomas Keneally,1979,laure
uc1.c072963030,Warrior in the Wilderness,Kaoru Kurimoto,1979,laure
uc1.b4451000,The Programmer,Bruce Jackson,1979,laure
mdp.39015030091113,Cross Current,"C. Terry Cline, Jr.",1979,laure
mdp.39015048897519,The Glow,Brooks Stanwood,1979,laure
mdp.39015030711090,The Sleep of the Great Hypnotist: The Life and Death and Life After Death of a Modern Magician,Peter Redgrove,1979,laure
mdp.39015050571432,The Lizard's Tail,Marc Brandel,1979,laure
mdp.39015008931399,Nightmare Town,T. Ernesto Bethancourt,1979,laure
mdp.39076000851035,The Island,Peter Benchley,1979,laure
uc1.b3472873,The Fight for Manod,Raymond Williams,1979,laure
mdp.39015030718699,The Love Siege,Tom Wakefield,1979,laure
mdp.39015056811592,The Great Change,Jack Wagner,1979,laure
uc1.b4439400,Gad,Stephen Geller,1979,laure
mdp.39015034900053,Arabian Nights and Days,Naguib Mahfouz,1979,laure
mdp.49015000902461,The Third Eye,Mollie Hunter,1979,laure
mdp.39015050982605,Intruder,Louis Charbonneau,1979,laure
mdp.39015061003011,Legacy of Magic,Leonie Kooiker,1979,laure
mdp.39015020486257,Cave of the Moving Shadows,Thomas Millstead,1979,laure
uc1.32106002130539,"The Autobiography of Cassandra, Princess & Prophetess of Troy",Ursule Molinaro,1979,laure
mdp.49015002601897,First Strike,Douglas Terman,1979,laure
mdp.39015000017858,The Vicar of Christ,Walter F. Murphy,1979,laure
txu.059173026983279,Between Two Worlds,Simone Schwarz-Bart,1979,laure
mdp.39015004714302,Wish Come True,Mary Q. Steele,1979,laure
ppt.ssfcbz201710000352,Tales of Neve?ry?on / Samuel R. Delany.,"Delany, Samuel R.",1979,temple
ppt.ssfcbz202002001013,The best of James Blish / edited and with an introduction by Robert A. Lowndes.,"Blish, James,",1979,temple
mdp.39015000555857,Good News,Edward Abbey,1980,laure
mdp.39015005888097,Wizard,John Varley,1980,laure
mdp.39015054037372,Wild Seed,Octavia E. Butler,1980,laure
pst.000013229429,Two to Conquer,Marion Zimmer Bradley,1980,laure
mdp.39015008806955,Timescape,Gregory Benford,1980,laure
mdp.39015008903448,Sundiver,David Brin,1980,laure
uc1.b4368486,Songs from the Stars,Norman Spinrad,1980,laure
mdp.39015005184638,The Snow Queen,Joan D. Vinge,1980,laure
mdp.39015008979778,The Shadow of the Torturer,Gene Wolfe,1980,laure
mdp.49015000743907,Shadowland,Peter Straub,1980,laure
mdp.39015002968892,Riddley Walker,Russell Hoban,1980,laure
mdp.39015013939874,The Restaurant at the End of the Universe,Douglas Adams,1980,laure
mdp.39015043202087,The Number of the Beast,Robert A. Heinlein,1980,laure
mdp.39015048888104,The Northern Girl,Elizabeth A. Lynn,1980,laure
uc1.32106005000564,Mockingbird,Walter Tevis,1980,laure
mdp.39015066051668,The Magic Labyrinth,Philip Jos√© Farmer,1980,laure
mdp.39015001367005,Lord Valentine's Castle,Robert Silverberg,1980,laure
uc1.32106018321460,The Land of Laughs,Jonathan Carroll,1980,laure
uc1.b4450205,The Humanoid Touch,Jack Williamson,1980,laure
mdp.39015002288788,Golem 100,Alfred Bester,1980,laure
uc1.b4355032,First Channel,Jean Lorrah & Jacqueline Lichtenberg,1980,laure
mdp.39015051349978,Eyes of Fire,Michael Bishop,1980,laure
mdp.39015005888089,Dream Dancer,Janet Morris,1980,laure
ppt.ssfcbz202002001107,City Come A-Walkin',John Shirley,1980,laure
inu.39000001892814,Beyond the Blue Event Horizon,Frederik Pohl,1980,laure
mdp.39015008442496,Changeling,Roger Zelazny,1980,laure
uc1.b4430767,The Well,Jack Cady,1980,laure
mdp.39015014231735,An Enemy of the State,F. Paul Wilson,1980,laure
mdp.39015020732668,Midnight's Children,Salman Rushdie,1980,laure
pst.000012778010,The House Between the Worlds,Marion Zimmer Bradley,1980,laure
mdp.39015020746072,The Clan of the Cave Bear,Jean M. Auel,1980,laure
uva.x000218327,The Blessing Papers,William Barnwell,1980,laure
mdp.39015002338500,Hawk of May,Gillian Bradshaw,1980,laure
pst.000021659119,Han Solo and the Lost Legacy,Brian Daley,1980,laure
pst.000022105387,The Wounded Land,Stephen R. Donaldson,1980,laure
uc1.b3865869,Ascendancies,D. G. Compton,1980,laure
mdp.39015046372440,Congo,Michael Crichton,1980,laure
mdp.39015025252100,Dragon's Egg,Robert L. Forward,1980,laure
mdp.39015002291964,The Beginning Place,Ursula K. Le Guin,1980,laure
uc1.32106014600404,White Light,Rudy Rucker,1980,laure
pst.000022799944,Lion of Ireland,Morgan Llywelyn,1980,laure
mdp.39015008386701,Direct Descent,Frank Herbert,1980,laure
ppt.ssfcbz201808000184,Disposable People,"Marshall Goldberg, M.D. & Kenneth Kay",1980,laure
uc1.32106008655927,Aztec,Gary Jennings,1980,laure
uc1.b4357771,Magic Time,Kit Reed,1980,laure
mdp.39015046331487,Bellefleur,Joyce Carol Oates,1980,laure
uc1.b4948748,Deathwing Over Veynaa,Douglas Hill,1980,laure
mdp.39015002163023,Unicorns in the Rain,Barbara Cohen,1980,laure
pst.000031819251,The Shadow Guests,Joan Aiken,1980,laure
uc1.b4948763,Cosmic Encounter,A. E. van Vogt,1980,laure
pst.000011636595,The Girl Green As Elderflower,Randolph Stow,1980,laure
uc1.b4421720,Satyrday,Steven Bauer,1980,laure
mdp.39015061470293,Alpha Centauri,Robert Siegel,1980,laure
mdp.39015056194593,Still Life with Woodpecker,Tom Robbins,1980,laure
mdp.39015011493593,The Indian in the Cupboard,Lynne Reid Banks,1980,laure
mdp.39015004852672,Playing Beatie Bow,Ruth Park,1980,laure
uc1.b4950788,Creator,Jeremy Leven,1980,laure
mdp.39015019159030,"The Marriages Between Zones Three, Four, and Five (As Narrated by the Chroniclers of Zone Three)",Doris Lessing,1980,laure
mdp.49015002536531,The Keeper of the Isis Light,Monica Hughes,1980,laure
pst.000057931623,Sister Wolf,Ann Arensberg,1980,laure
mdp.39015018471725,All the Lies That Are My Life,Harlan Ellison,1980,laure
mdp.39015066288161,Under Plum Lake,Lionel Davidson,1980,laure
uc1.b4948473,Russian Hide-and-Seek,Kingsley Amis,1980,laure
dul1.ark:/13960/t5z65qh83,Waiting for the Barbarians,J. M. Coetzee,1980,laure
pst.000013791674,The Fog,Dennis Etchison,1980,laure
uc1.b4357753,Maynard's House,Herman Raucher,1980,laure
uc1.b4463228,The First Book of Eppe,Roderick MacLeish,1980,laure
mdp.39015071576550,Crooked Tree,Robert C. Wilson,1980,laure
mdp.39015052399196,Golden Vanity,Rachel Pollack,1980,laure
uc1.b4463213,The Globes of Llarum,Gene Lancour,1980,laure
pst.000025990539,Crystal Phoenix,Michael Berlyn,1980,laure
uva.x000400833,The Light-Bearer,Sam Nicholson,1980,laure
mdp.39015000576341,Scripts for the Pageant,James Merrill,1980,laure
uc1.32106006597683,Limbo,Joel Hammil,1980,laure
mdp.39015029937052,Freddy's Book,John Gardner,1980,laure
uc1.b4950832,The Demeter Flower,Rochelle Singer,1980,laure
pst.000006308711,Periscope Red,Richard Rohmer,1980,laure
uc1.b4354000,Danilov the Violist,Vladimir Orlov,1980,laure
pst.000022248114,Miss Pickerell Tackles the Energy Crisis,Ellen MacGregor & Dora Pantell,1980,laure
pst.000021812675,Project Web,Barbara Rogers,1980,laure
uiug.30112001307732,Nealites: Doc Genius and Henry the Stud,Merzie Wilson,1980,laure
uc1.b3462596,Walking on Air,Pierre Delattre,1980,laure
pst.000033673905,Weird Henry Berg,Sarah Sargent,1980,laure
pst.000008327024,Earth Watch,Roger M. Borsheim,1980,laure
mdp.39015028578121,The Day Lasts More Than a Hundred Years,Chingiz Aitmatov,1980,laure
mdp.39015019359846,Moreau's Other Island,Brian Aldiss,1980,laure
mdp.39015008187349,"Faust: Being the Historia von D. Johann Fausten Dem Wietbeschreyten Zauberer und Schwartzh√ºnstler: or, History of Dr. John Faust the Notorious Magician and Necromancer, As Written by His Familiar Servant and Disciple Christopher Wagner",Robert Nye,1980,laure
mdp.49015002580687,Free Flight,Douglas Terman,1980,laure
uc1.b4938181,The Sending,Geoffrey Household,1980,laure
wu.89017937079,A Living Soul,P. C. Jersild,1980,laure
mdp.39015020457324,Darkness Under the Hills,Bill Scott,1980,laure
mdp.39015008977509,The Fifth Horseman,Larry Collins & Dominique Lapierre,1980,laure
pst.000012857661,Epidemic!,"Larry R. Leichter, M.D.",1980,laure
mdp.39015061469964,In the Secret State,Robert McCrum,1980,laure
uc1.32106014759788,Coin Locker Babies,Ry≈´ Murakami,1980,laure
mdp.39015056811907,The Centaur in the Garden,Moacyr Scliar,1980,laure
pst.000032022155,The Empire Strikes Back Storybook,Shep Steneman,1980,laure
uc1.b4539320,Distant Relations,Carlos Fuentes,1980,laure
mdp.39015001511172,The Salt Eaters,Toni Cade Bambara,1980,laure
inu.39000000135983,The King of the Fields,Isaac Bashevis Singer,1980,laure
mdp.39015061468578,The Last Crime,John Domatilla,1980,laure
uva.x000988370,Cataclysm,Peter Armstrong,1980,laure
uc1.b4951726,Dmitri,Jamey Cohen,1980,laure
uc1.b3477322,The Rat Report,Constantine FitzGibbon,1980,laure
pst.000026598352,The Knight and the Dragon,Tomie dePaola,1980,laure
uc1.b4446917,Spirit Wrestler,James Houston,1980,laure
mdp.39015048900669,Kowalski's Last Chance,Leo Simpson,1980,laure
mdp.39015060563221,The Frankenstein Diaries,Hubert Venables,1980,laure
uiug.30112013025017,Darken Ship: The Unfinished Novel,Nicholas Monsarrat,1980,laure
uc1.b4355094,A Passing Advantage,Mark McGarrity,1980,laure
uc1.31158007381667,Numunwari,Grahame Webb,1980,laure
ppt.ssfcbz201808000050,The best of Destinies / edited by James Baen.,,1980,temple
ppt.ssfcbz201808000056,The best science fiction of the year.,,1980,temple
ppt.ssfcbz201808000195,Galaxy : the best of my years / edited by James Baen.,,1980,temple
